raw_facet,normalized_facet,facet_type,conversation_observable,sensitivity,scoring_definition,score_1_anchor,score_2_anchor,score_3_anchor,score_4_anchor,score_5_anchor,abstention_reason,data_quality_flag
Risktaking,Risktaking,conversation_observable,True,low,"Measures the degree of risktaking demonstrated in the conversation, based on observable language, tone, and behavioral descriptions.",Very low / no evidence of risktaking.,Slight evidence of risktaking; brief or weak signals.,Moderate risktaking; clear but not dominant evidence.,Strong risktaking; multiple clear indicators.,Very strong risktaking; pervasive and compelling evidence.,,
Naivety,Naivety,conversation_observable,True,low,"Measures the degree of naivety demonstrated in the conversation, based on observable language, tone, and behavioral descriptions.",Very low / no evidence of naivety.,Slight evidence of naivety; brief or weak signals.,Moderate naivety; clear but not dominant evidence.,Strong naivety; multiple clear indicators.,Very strong naivety; pervasive and compelling evidence.,,
Acidity,Acidity,conversation_observable,True,low,"Measures the degree of acidity demonstrated in the conversation, based on observable language, tone, and behavioral descriptions.",Very low / no evidence of acidity.,Slight evidence of acidity; brief or weak signals.,Moderate acidity; clear but not dominant evidence.,Strong acidity; multiple clear indicators.,Very strong acidity; pervasive and compelling evidence.,,
Democratic Leadership:,Democratic Leadership,conversation_observable,True,low,"Measures the degree of democratic leadership demonstrated in the conversation, based on observable language, tone, and behavioral descriptions.",Very low / no evidence of democratic leadership.,Slight evidence of democratic leadership; brief or weak signals.,Moderate democratic leadership; clear but not dominant evidence.,Strong democratic leadership; multiple clear indicators.,Very strong democratic leadership; pervasive and compelling evidence.,,trailing_colon
Common-sense,Common-sense,conversation_observable,True,low,"Measures the degree of common-sense demonstrated in the conversation, based on observable language, tone, and behavioral descriptions.",Very low / no evidence of common-sense.,Slight evidence of common-sense; brief or weak signals.,Moderate common-sense; clear but not dominant evidence.,Strong common-sense; multiple clear indicators.,Very strong common-sense; pervasive and compelling evidence.,,
Hesitation,Hesitation,conversation_observable,True,low,"Measures the degree of hesitation demonstrated in the conversation, based on observable language, tone, and behavioral descriptions.",Very low / no evidence of hesitation.,Slight evidence of hesitation; brief or weak signals.,Moderate hesitation; clear but not dominant evidence.,Strong hesitation; multiple clear indicators.,Very strong hesitation; pervasive and compelling evidence.,,
Discontentment,Discontentment,conversation_observable,True,low,"Measures the degree of discontentment demonstrated in the conversation, based on observable language, tone, and behavioral descriptions.",No signs of discontentment in the conversation.,Minimal/isolated signs of discontentment.,Moderate discontentment apparent in several statements.,Clear and repeated discontentment throughout.,Pervasive discontentment dominating the conversation.,,
Overprotectiveness,Overprotectiveness,conversation_observable,True,low,"Measures the degree of overprotectiveness demonstrated in the conversation, based on observable language, tone, and behavioral descriptions.",Very low / no evidence of overprotectiveness.,Slight evidence of overprotectiveness; brief or weak signals.,Moderate overprotectiveness; clear but not dominant evidence.,Strong overprotectiveness; multiple clear indicators.,Very strong overprotectiveness; pervasive and compelling evidence.,,
Merriness,Merriness,conversation_observable,True,low,"Measures the degree of merriness demonstrated in the conversation, based on observable language, tone, and behavioral descriptions.",Very low / no evidence of merriness.,Slight evidence of merriness; brief or weak signals.,Moderate merriness; clear but not dominant evidence.,Strong merriness; multiple clear indicators.,Very strong merriness; pervasive and compelling evidence.,,
Emotionalism,Emotionalism,conversation_observable,True,low,"Measures the degree of emotionalism demonstrated in the conversation, based on observable language, tone, and behavioral descriptions.",Very low / no evidence of emotionalism.,Slight evidence of emotionalism; brief or weak signals.,Moderate emotionalism; clear but not dominant evidence.,Strong emotionalism; multiple clear indicators.,Very strong emotionalism; pervasive and compelling evidence.,,
Self-improvement,Self-improvement,conversation_observable,True,low,"Measures the degree of self-improvement demonstrated in the conversation, based on observable language, tone, and behavioral descriptions.",Very low / no evidence of self-improvement.,Slight evidence of self-improvement; brief or weak signals.,Moderate self-improvement; clear but not dominant evidence.,Strong self-improvement; multiple clear indicators.,Very strong self-improvement; pervasive and compelling evidence.,,
Statistical Reasoning,Statistical Reasoning,conversation_observable,True,low,"Measures the degree of statistical reasoning demonstrated in the conversation, based on observable language, tone, and behavioral descriptions.",Very low / no evidence of statistical reasoning.,Slight evidence of statistical reasoning; brief or weak signals.,Moderate statistical reasoning; clear but not dominant evidence.,Strong statistical reasoning; multiple clear indicators.,Very strong statistical reasoning; pervasive and compelling evidence.,,
Assertiveness and control in relationships,Assertiveness and Control in Relationships,conversation_observable,True,low,"Measures the degree of assertiveness and control in relationships demonstrated in the conversation, based on observable language, tone, and behavioral descriptions.",Very low / no evidence of assertiveness and control in relationships.,Slight evidence of assertiveness and control in relationships; brief or weak signals.,Moderate assertiveness and control in relationships; clear but not dominant evidence.,Strong assertiveness and control in relationships; multiple clear indicators.,Very strong assertiveness and control in relationships; pervasive and compelling evidence.,,
Cunningness,Cunningness,conversation_observable,True,low,"Measures the degree of cunningness demonstrated in the conversation, based on observable language, tone, and behavioral descriptions.",Very low / no evidence of cunningness.,Slight evidence of cunningness; brief or weak signals.,Moderate cunningness; clear but not dominant evidence.,Strong cunningness; multiple clear indicators.,Very strong cunningness; pervasive and compelling evidence.,,
Adventure-Seeking Behavior,Adventure-seeking Behavior,conversation_observable,True,low,"Measures the degree of adventure-seeking behavior demonstrated in the conversation, based on observable language, tone, and behavioral descriptions.",Very low / no evidence of adventure-seeking behavior.,Slight evidence of adventure-seeking behavior; brief or weak signals.,Moderate adventure-seeking behavior; clear but not dominant evidence.,Strong adventure-seeking behavior; multiple clear indicators.,Very strong adventure-seeking behavior; pervasive and compelling evidence.,,
Compassion Fatigue,Compassion Fatigue,conversation_observable,True,low,"Measures the degree of compassion fatigue demonstrated in the conversation, based on observable language, tone, and behavioral descriptions.",Very low / no evidence of compassion fatigue.,Slight evidence of compassion fatigue; brief or weak signals.,Moderate compassion fatigue; clear but not dominant evidence.,Strong compassion fatigue; multiple clear indicators.,Very strong compassion fatigue; pervasive and compelling evidence.,,
Moroseness,Moroseness,conversation_observable,True,low,"Measures the degree of moroseness demonstrated in the conversation, based on observable language, tone, and behavioral descriptions.",No signs of moroseness in the conversation.,Minimal/isolated signs of moroseness.,Moderate moroseness apparent in several statements.,Clear and repeated moroseness throughout.,Pervasive moroseness dominating the conversation.,,
Specialist,Specialist,conversation_observable,True,low,"Measures the degree of specialist demonstrated in the conversation, based on observable language, tone, and behavioral descriptions.",Very low / no evidence of specialist.,Slight evidence of specialist; brief or weak signals.,Moderate specialist; clear but not dominant evidence.,Strong specialist; multiple clear indicators.,Very strong specialist; pervasive and compelling evidence.,,
Aloofness,Aloofness,conversation_observable,True,low,"Measures the degree of aloofness demonstrated in the conversation, based on observable language, tone, and behavioral descriptions.",Very low / no evidence of aloofness.,Slight evidence of aloofness; brief or weak signals.,Moderate aloofness; clear but not dominant evidence.,Strong aloofness; multiple clear indicators.,Very strong aloofness; pervasive and compelling evidence.,,
Genuine,Genuine,conversation_observable,True,low,"Measures the degree of genuine demonstrated in the conversation, based on observable language, tone, and behavioral descriptions.",Very low / no evidence of genuine.,Slight evidence of genuine; brief or weak signals.,Moderate genuine; clear but not dominant evidence.,Strong genuine; multiple clear indicators.,Very strong genuine; pervasive and compelling evidence.,,
Determinedness,Determinedness,conversation_observable,True,low,"Measures the degree of determinedness demonstrated in the conversation, based on observable language, tone, and behavioral descriptions.",Very low / no evidence of determinedness.,Slight evidence of determinedness; brief or weak signals.,Moderate determinedness; clear but not dominant evidence.,Strong determinedness; multiple clear indicators.,Very strong determinedness; pervasive and compelling evidence.,,
HonestyHumility:,Honesty Humility,conversation_observable,True,low,"Measures the degree of honesty humility demonstrated in the conversation, based on observable language, tone, and behavioral descriptions.",Very low / no evidence of honesty humility.,Slight evidence of honesty humility; brief or weak signals.,Moderate honesty humility; clear but not dominant evidence.,Strong honesty humility; multiple clear indicators.,Very strong honesty humility; pervasive and compelling evidence.,,trailing_colon; camelcase_compound
Relationship Building Themes:,Relationship Building Themes,malformed_header,False,low,Not directly scoreable from conversation (malformed_header).,,,,,,"Entry appears to be a section header, not a scoreable facet.",header_like_entry
Pure Challenge,Pure Challenge,conversation_observable,True,low,"Measures the degree of pure challenge demonstrated in the conversation, based on observable language, tone, and behavioral descriptions.",Very low / no evidence of pure challenge.,Slight evidence of pure challenge; brief or weak signals.,Moderate pure challenge; clear but not dominant evidence.,Strong pure challenge; multiple clear indicators.,Very strong pure challenge; pervasive and compelling evidence.,,
Numerical Reasoning Subcomponents:,Numerical Reasoning Subcomponents,malformed_header,False,low,Not directly scoreable from conversation (malformed_header).,,,,,,"Entry appears to be a section header, not a scoreable facet.",header_like_entry
Openness,Openness,conversation_observable,True,low,"Measures the degree of openness demonstrated in the conversation, based on observable language, tone, and behavioral descriptions.",Very low / no evidence of openness.,Slight evidence of openness; brief or weak signals.,Moderate openness; clear but not dominant evidence.,Strong openness; multiple clear indicators.,Very strong openness; pervasive and compelling evidence.,,
SelfEsteem,Self Esteem,conversation_observable,True,low,"Measures the degree of self esteem demonstrated in the conversation, based on observable language, tone, and behavioral descriptions.",Very low / no evidence of self esteem.,Slight evidence of self esteem; brief or weak signals.,Moderate self esteem; clear but not dominant evidence.,Strong self esteem; multiple clear indicators.,Very strong self esteem; pervasive and compelling evidence.,,camelcase_compound
Comparing alphanumeric data,Comparing Alphanumeric Data,conversation_observable,True,low,"Measures the degree of comparing alphanumeric data demonstrated in the conversation, based on observable language, tone, and behavioral descriptions.",Very low / no evidence of comparing alphanumeric data.,Slight evidence of comparing alphanumeric data; brief or weak signals.,Moderate comparing alphanumeric data; clear but not dominant evidence.,Strong comparing alphanumeric data; multiple clear indicators.,Very strong comparing alphanumeric data; pervasive and compelling evidence.,,
Big-heartedness,Big-heartedness,conversation_observable,True,low,"Measures the degree of big-heartedness demonstrated in the conversation, based on observable language, tone, and behavioral descriptions.",Very low / no evidence of big-heartedness.,Slight evidence of big-heartedness; brief or weak signals.,Moderate big-heartedness; clear but not dominant evidence.,Strong big-heartedness; multiple clear indicators.,Very strong big-heartedness; pervasive and compelling evidence.,,
Compulsive activities,Compulsive Activities,conversation_observable,True,low,"Measures the degree of compulsive activities demonstrated in the conversation, based on observable language, tone, and behavioral descriptions.",Very low / no evidence of compulsive activities.,Slight evidence of compulsive activities; brief or weak signals.,Moderate compulsive activities; clear but not dominant evidence.,Strong compulsive activities; multiple clear indicators.,Very strong compulsive activities; pervasive and compelling evidence.,,
Disrespect,Disrespect,conversation_observable,True,low,"Measures the degree of disrespect demonstrated in the conversation, based on observable language, tone, and behavioral descriptions.",No signs of disrespect in the conversation.,Minimal/isolated signs of disrespect.,Moderate disrespect apparent in several statements.,Clear and repeated disrespect throughout.,Pervasive disrespect dominating the conversation.,,
FSH level,FSH Level,medical_health,False,critical,Not directly scoreable from conversation (medical_health).,,,,,,Medical/biological data cannot be inferred from conversation.,
Self Perspective,Self Perspective,conversation_observable,True,low,"Measures the degree of self perspective demonstrated in the conversation, based on observable language, tone, and behavioral descriptions.",Very low / no evidence of self perspective.,Slight evidence of self perspective; brief or weak signals.,Moderate self perspective; clear but not dominant evidence.,Strong self perspective; multiple clear indicators.,Very strong self perspective; pervasive and compelling evidence.,,
Desperation,Desperation,conversation_observable,True,low,"Measures the degree of desperation demonstrated in the conversation, based on observable language, tone, and behavioral descriptions.",Very low / no evidence of desperation.,Slight evidence of desperation; brief or weak signals.,Moderate desperation; clear but not dominant evidence.,Strong desperation; multiple clear indicators.,Very strong desperation; pervasive and compelling evidence.,,
Affiliation Motivation:,Affiliation Motivation,conversation_observable,True,low,"Measures the degree of affiliation motivation demonstrated in the conversation, based on observable language, tone, and behavioral descriptions.",Very low / no evidence of affiliation motivation.,Slight evidence of affiliation motivation; brief or weak signals.,Moderate affiliation motivation; clear but not dominant evidence.,Strong affiliation motivation; multiple clear indicators.,Very strong affiliation motivation; pervasive and compelling evidence.,,trailing_colon
Anatomy knowledge,Anatomy Knowledge,conversation_observable,True,low,"Measures the degree of anatomy knowledge demonstrated in the conversation, based on observable language, tone, and behavioral descriptions.",Very low / no evidence of anatomy knowledge.,Slight evidence of anatomy knowledge; brief or weak signals.,Moderate anatomy knowledge; clear but not dominant evidence.,Strong anatomy knowledge; multiple clear indicators.,Very strong anatomy knowledge; pervasive and compelling evidence.,,
Passive-Aggressive,Passive-aggressive,conversation_observable,True,low,"Measures the degree of passive-aggressive demonstrated in the conversation, based on observable language, tone, and behavioral descriptions.",Very low / no evidence of passive-aggressive.,Slight evidence of passive-aggressive; brief or weak signals.,Moderate passive-aggressive; clear but not dominant evidence.,Strong passive-aggressive; multiple clear indicators.,Very strong passive-aggressive; pervasive and compelling evidence.,,
Presence of Spiritual Pain,Presence of Spiritual Pain,conversation_observable,True,low,"Measures the degree of presence of spiritual pain demonstrated in the conversation, based on observable language, tone, and behavioral descriptions.",Very low / no evidence of presence of spiritual pain.,Slight evidence of presence of spiritual pain; brief or weak signals.,Moderate presence of spiritual pain; clear but not dominant evidence.,Strong presence of spiritual pain; multiple clear indicators.,Very strong presence of spiritual pain; pervasive and compelling evidence.,,
Role of Spirituality in Community Involvement,Role of Spirituality in Community Involvement,conversation_observable,True,low,"Measures the degree of role of spirituality in community involvement demonstrated in the conversation, based on observable language, tone, and behavioral descriptions.",Very low / no evidence of role of spirituality in community involvement.,Slight evidence of role of spirituality in community involvement; brief or weak signals.,Moderate role of spirituality in community involvement; clear but not dominant evidence.,Strong role of spirituality in community involvement; multiple clear indicators.,Very strong role of spirituality in community involvement; pervasive and compelling evidence.,,
Structure,Structure,conversation_observable,True,low,"Measures the degree of structure demonstrated in the conversation, based on observable language, tone, and behavioral descriptions.",Very low / no evidence of structure.,Slight evidence of structure; brief or weak signals.,Moderate structure; clear but not dominant evidence.,Strong structure; multiple clear indicators.,Very strong structure; pervasive and compelling evidence.,,
Eco-tourism trips,Eco-tourism Trips,conversation_observable,True,low,"Measures the degree of eco-tourism trips demonstrated in the conversation, based on observable language, tone, and behavioral descriptions.",Very low / no evidence of eco-tourism trips.,Slight evidence of eco-tourism trips; brief or weak signals.,Moderate eco-tourism trips; clear but not dominant evidence.,Strong eco-tourism trips; multiple clear indicators.,Very strong eco-tourism trips; pervasive and compelling evidence.,,
Chivalrousness,Chivalrousness,conversation_observable,True,low,"Measures the degree of chivalrousness demonstrated in the conversation, based on observable language, tone, and behavioral descriptions.",Very low / no evidence of chivalrousness.,Slight evidence of chivalrousness; brief or weak signals.,Moderate chivalrousness; clear but not dominant evidence.,Strong chivalrousness; multiple clear indicators.,Very strong chivalrousness; pervasive and compelling evidence.,,
Pilgrimage participation count,Pilgrimage Participation Count,external_evidence,False,medium,Not directly scoreable from conversation (external_evidence).,,,,,,Quantitative metric requires external measurement data.,
Mindfulness facet: Observing,Mindfulness Facet: Observing,conversation_observable,True,low,"Measures the degree of mindfulness facet: observing demonstrated in the conversation, based on observable language, tone, and behavioral descriptions.",Very low / no evidence of mindfulness facet: observing.,Slight evidence of mindfulness facet: observing; brief or weak signals.,Moderate mindfulness facet: observing; clear but not dominant evidence.,Strong mindfulness facet: observing; multiple clear indicators.,Very strong mindfulness facet: observing; pervasive and compelling evidence.,,
Submissiveness,Submissiveness,conversation_observable,True,low,"Measures the degree of submissiveness demonstrated in the conversation, based on observable language, tone, and behavioral descriptions.",Very low / no evidence of submissiveness.,Slight evidence of submissiveness; brief or weak signals.,Moderate submissiveness; clear but not dominant evidence.,Strong submissiveness; multiple clear indicators.,Very strong submissiveness; pervasive and compelling evidence.,,
Training-cycle length,Training-cycle Length,conversation_observable,True,low,"Measures the degree of training-cycle length demonstrated in the conversation, based on observable language, tone, and behavioral descriptions.",Very low / no evidence of training-cycle length.,Slight evidence of training-cycle length; brief or weak signals.,Moderate training-cycle length; clear but not dominant evidence.,Strong training-cycle length; multiple clear indicators.,Very strong training-cycle length; pervasive and compelling evidence.,,
Sensitiveness,Sensitiveness,conversation_observable,True,low,"Measures the degree of sensitiveness demonstrated in the conversation, based on observable language, tone, and behavioral descriptions.",Very low / no evidence of sensitiveness.,Slight evidence of sensitiveness; brief or weak signals.,Moderate sensitiveness; clear but not dominant evidence.,Strong sensitiveness; multiple clear indicators.,Very strong sensitiveness; pervasive and compelling evidence.,,
Negative Affect Frequency,Negative Affect Frequency,conversation_observable,True,low,"Measures the degree of negative affect frequency demonstrated in the conversation, based on observable language, tone, and behavioral descriptions.",Very low / no evidence of negative affect frequency.,Slight evidence of negative affect frequency; brief or weak signals.,Moderate negative affect frequency; clear but not dominant evidence.,Strong negative affect frequency; multiple clear indicators.,Very strong negative affect frequency; pervasive and compelling evidence.,,
Innovation and Creativity Components:,Innovation and Creativity Components,malformed_header,False,low,Not directly scoreable from conversation (malformed_header).,,,,,,"Entry appears to be a section header, not a scoreable facet.",header_like_entry
Achievement Motivation:,Achievement Motivation,conversation_observable,True,low,"Measures the degree of achievement motivation demonstrated in the conversation, based on observable language, tone, and behavioral descriptions.",Very low / no evidence of achievement motivation.,Slight evidence of achievement motivation; brief or weak signals.,Moderate achievement motivation; clear but not dominant evidence.,Strong achievement motivation; multiple clear indicators.,Very strong achievement motivation; pervasive and compelling evidence.,,trailing_colon
Feedback-giving frequency,Feedback-giving Frequency,conversation_observable,True,low,"Measures the degree of feedback-giving frequency demonstrated in the conversation, based on observable language, tone, and behavioral descriptions.",Very low / no evidence of feedback-giving frequency.,Slight evidence of feedback-giving frequency; brief or weak signals.,Moderate feedback-giving frequency; clear but not dominant evidence.,Strong feedback-giving frequency; multiple clear indicators.,Very strong feedback-giving frequency; pervasive and compelling evidence.,,
Dance-cardio sessions,Dance-cardio Sessions,external_evidence,False,medium,Not directly scoreable from conversation (external_evidence).,,,,,,Quantitative metric requires external measurement data.,
Enthusiasm,Enthusiasm,conversation_observable,True,low,"Measures the degree of enthusiasm demonstrated in the conversation, based on observable language, tone, and behavioral descriptions.",Very low / no evidence of enthusiasm.,Slight evidence of enthusiasm; brief or weak signals.,Moderate enthusiasm; clear but not dominant evidence.,Strong enthusiasm; multiple clear indicators.,Very strong enthusiasm; pervasive and compelling evidence.,,
Psychological construct: Social Desirability tendency,Psychological Construct: Social Desirability Tendency,ambiguous,False,high,Not directly scoreable from conversation (ambiguous).,,,,,,Standardised psychological measure requires validated instrument.,
Inattentiveness,Inattentiveness,conversation_observable,True,low,"Measures the degree of inattentiveness demonstrated in the conversation, based on observable language, tone, and behavioral descriptions.",No signs of inattentiveness in the conversation.,Minimal/isolated signs of inattentiveness.,Moderate inattentiveness apparent in several statements.,Clear and repeated inattentiveness throughout.,Pervasive inattentiveness dominating the conversation.,,
Unassertiveness,Unassertiveness,conversation_observable,True,low,"Measures the degree of unassertiveness demonstrated in the conversation, based on observable language, tone, and behavioral descriptions.",Very low / no evidence of unassertiveness.,Slight evidence of unassertiveness; brief or weak signals.,Moderate unassertiveness; clear but not dominant evidence.,Strong unassertiveness; multiple clear indicators.,Very strong unassertiveness; pervasive and compelling evidence.,,
Decision-making decisiveness,Decision-making Decisiveness,conversation_observable,True,low,"Measures the degree of decision-making decisiveness demonstrated in the conversation, based on observable language, tone, and behavioral descriptions.",Very low / no evidence of decision-making decisiveness.,Slight evidence of decision-making decisiveness; brief or weak signals.,Moderate decision-making decisiveness; clear but not dominant evidence.,Strong decision-making decisiveness; multiple clear indicators.,Very strong decision-making decisiveness; pervasive and compelling evidence.,,
Sense-of-coherence score,Sense-of-coherence Score,conversation_observable,True,low,"Measures the degree of sense-of-coherence score demonstrated in the conversation, based on observable language, tone, and behavioral descriptions.",Very low / no evidence of sense-of-coherence score.,Slight evidence of sense-of-coherence score; brief or weak signals.,Moderate sense-of-coherence score; clear but not dominant evidence.,Strong sense-of-coherence score; multiple clear indicators.,Very strong sense-of-coherence score; pervasive and compelling evidence.,,
Justice-mindedness,Justice-mindedness,conversation_observable,True,low,"Measures the degree of justice-mindedness demonstrated in the conversation, based on observable language, tone, and behavioral descriptions.",Very low / no evidence of justice-mindedness.,Slight evidence of justice-mindedness; brief or weak signals.,Moderate justice-mindedness; clear but not dominant evidence.,Strong justice-mindedness; multiple clear indicators.,Very strong justice-mindedness; pervasive and compelling evidence.,,
Subscription count,Subscription Count,external_evidence,False,medium,Not directly scoreable from conversation (external_evidence).,,,,,,Quantitative metric requires external measurement data.,
Depression Symptoms,Depression Symptoms,medical_health,False,critical,Not directly scoreable from conversation (medical_health).,,,,,,Medical/biological data cannot be inferred from conversation.,
Spatial perception,Spatial Perception,conversation_observable,True,low,"Measures the degree of spatial perception demonstrated in the conversation, based on observable language, tone, and behavioral descriptions.",Very low / no evidence of spatial perception.,Slight evidence of spatial perception; brief or weak signals.,Moderate spatial perception; clear but not dominant evidence.,Strong spatial perception; multiple clear indicators.,Very strong spatial perception; pervasive and compelling evidence.,,
Brevity,Brevity,conversation_observable,True,low,"Measures the degree of brevity demonstrated in the conversation, based on observable language, tone, and behavioral descriptions.",Very low / no evidence of brevity.,Slight evidence of brevity; brief or weak signals.,Moderate brevity; clear but not dominant evidence.,Strong brevity; multiple clear indicators.,Very strong brevity; pervasive and compelling evidence.,,
Orderliness,Orderliness,conversation_observable,True,low,"Measures the degree of orderliness demonstrated in the conversation, based on observable language, tone, and behavioral descriptions.",Very low / no evidence of orderliness.,Slight evidence of orderliness; brief or weak signals.,Moderate orderliness; clear but not dominant evidence.,Strong orderliness; multiple clear indicators.,Very strong orderliness; pervasive and compelling evidence.,,
Multiculturalism,Multiculturalism,conversation_observable,True,low,"Measures the degree of multiculturalism demonstrated in the conversation, based on observable language, tone, and behavioral descriptions.",Very low / no evidence of multiculturalism.,Slight evidence of multiculturalism; brief or weak signals.,Moderate multiculturalism; clear but not dominant evidence.,Strong multiculturalism; multiple clear indicators.,Very strong multiculturalism; pervasive and compelling evidence.,,
Creative risk-taking tendency,Creative Risk-taking Tendency,conversation_observable,True,low,"Measures the degree of creative risk-taking tendency demonstrated in the conversation, based on observable language, tone, and behavioral descriptions.",Very low / no evidence of creative risk-taking tendency.,Slight evidence of creative risk-taking tendency; brief or weak signals.,Moderate creative risk-taking tendency; clear but not dominant evidence.,Strong creative risk-taking tendency; multiple clear indicators.,Very strong creative risk-taking tendency; pervasive and compelling evidence.,,
Inefficiency,Inefficiency,conversation_observable,True,low,"Measures the degree of inefficiency demonstrated in the conversation, based on observable language, tone, and behavioral descriptions.",No signs of inefficiency in the conversation.,Minimal/isolated signs of inefficiency.,Moderate inefficiency apparent in several statements.,Clear and repeated inefficiency throughout.,Pervasive inefficiency dominating the conversation.,,
Network basics,Network Basics,conversation_observable,True,low,"Measures the degree of network basics demonstrated in the conversation, based on observable language, tone, and behavioral descriptions.",Very low / no evidence of network basics.,Slight evidence of network basics; brief or weak signals.,Moderate network basics; clear but not dominant evidence.,Strong network basics; multiple clear indicators.,Very strong network basics; pervasive and compelling evidence.,,
Alphabetical filing skills,Alphabetical Filing Skills,conversation_observable,True,low,"Measures the degree of alphabetical filing skills demonstrated in the conversation, based on observable language, tone, and behavioral descriptions.",Very low / no evidence of alphabetical filing skills.,Slight evidence of alphabetical filing skills; brief or weak signals.,Moderate alphabetical filing skills; clear but not dominant evidence.,Strong alphabetical filing skills; multiple clear indicators.,Very strong alphabetical filing skills; pervasive and compelling evidence.,,
Work Styles,Work Styles,conversation_observable,True,low,"Measures the degree of work styles demonstrated in the conversation, based on observable language, tone, and behavioral descriptions.",Very low / no evidence of work styles.,Slight evidence of work styles; brief or weak signals.,Moderate work styles; clear but not dominant evidence.,Strong work styles; multiple clear indicators.,Very strong work styles; pervasive and compelling evidence.,,
Character strength: Perseverance,Character Strength: Perseverance,conversation_observable,True,low,"Measures the degree of character strength: perseverance demonstrated in the conversation, based on observable language, tone, and behavioral descriptions.",Very low / no evidence of character strength: perseverance.,Slight evidence of character strength: perseverance; brief or weak signals.,Moderate character strength: perseverance; clear but not dominant evidence.,Strong character strength: perseverance; multiple clear indicators.,Very strong character strength: perseverance; pervasive and compelling evidence.,,
Competition,Competition,conversation_observable,True,low,"Measures the degree of competition demonstrated in the conversation, based on observable language, tone, and behavioral descriptions.",Very low / no evidence of competition.,Slight evidence of competition; brief or weak signals.,Moderate competition; clear but not dominant evidence.,Strong competition; multiple clear indicators.,Very strong competition; pervasive and compelling evidence.,,
Logical Sequence Identification,Logical Sequence Identification,conversation_observable,True,low,"Measures the degree of logical sequence identification demonstrated in the conversation, based on observable language, tone, and behavioral descriptions.",Very low / no evidence of logical sequence identification.,Slight evidence of logical sequence identification; brief or weak signals.,Moderate logical sequence identification; clear but not dominant evidence.,Strong logical sequence identification; multiple clear indicators.,Very strong logical sequence identification; pervasive and compelling evidence.,,
Sustainable-transport usage,Sustainable-transport Usage,conversation_observable,True,low,"Measures the degree of sustainable-transport usage demonstrated in the conversation, based on observable language, tone, and behavioral descriptions.",Very low / no evidence of sustainable-transport usage.,Slight evidence of sustainable-transport usage; brief or weak signals.,Moderate sustainable-transport usage; clear but not dominant evidence.,Strong sustainable-transport usage; multiple clear indicators.,Very strong sustainable-transport usage; pervasive and compelling evidence.,,
Hardworking,Hardworking,conversation_observable,True,low,"Measures the degree of hardworking demonstrated in the conversation, based on observable language, tone, and behavioral descriptions.",Very low / no evidence of hardworking.,Slight evidence of hardworking; brief or weak signals.,Moderate hardworking; clear but not dominant evidence.,Strong hardworking; multiple clear indicators.,Very strong hardworking; pervasive and compelling evidence.,,
Emotional-intelligence measure: Impulsiveness,Emotional-intelligence Measure: Impulsiveness,ambiguous,False,medium,Not directly scoreable from conversation (ambiguous).,,,,,,Composite psychological measure; partial signals may appear in conversation but safe scoring requires validated tools.,
Dishonesty,Dishonesty,conversation_observable,True,low,"Measures the degree of dishonesty demonstrated in the conversation, based on observable language, tone, and behavioral descriptions.",No signs of dishonesty in the conversation.,Minimal/isolated signs of dishonesty.,Moderate dishonesty apparent in several statements.,Clear and repeated dishonesty throughout.,Pervasive dishonesty dominating the conversation.,,
Preferred epistemology,Preferred Epistemology,conversation_observable,True,low,"Measures the degree of preferred epistemology demonstrated in the conversation, based on observable language, tone, and behavioral descriptions.",Very low / no evidence of preferred epistemology.,Slight evidence of preferred epistemology; brief or weak signals.,Moderate preferred epistemology; clear but not dominant evidence.,Strong preferred epistemology; multiple clear indicators.,Very strong preferred epistemology; pervasive and compelling evidence.,,
Memory for Sounds,Memory for Sounds,conversation_observable,True,low,"Measures the degree of memory for sounds demonstrated in the conversation, based on observable language, tone, and behavioral descriptions.",Very low / no evidence of memory for sounds.,Slight evidence of memory for sounds; brief or weak signals.,Moderate memory for sounds; clear but not dominant evidence.,Strong memory for sounds; multiple clear indicators.,Very strong memory for sounds; pervasive and compelling evidence.,,
Sportsmanship rating,Sportsmanship Rating,conversation_observable,True,low,"Measures the degree of sportsmanship rating demonstrated in the conversation, based on observable language, tone, and behavioral descriptions.",Very low / no evidence of sportsmanship rating.,Slight evidence of sportsmanship rating; brief or weak signals.,Moderate sportsmanship rating; clear but not dominant evidence.,Strong sportsmanship rating; multiple clear indicators.,Very strong sportsmanship rating; pervasive and compelling evidence.,,
Immaturity,Immaturity,conversation_observable,True,low,"Measures the degree of immaturity demonstrated in the conversation, based on observable language, tone, and behavioral descriptions.",No signs of immaturity in the conversation.,Minimal/isolated signs of immaturity.,Moderate immaturity apparent in several statements.,Clear and repeated immaturity throughout.,Pervasive immaturity dominating the conversation.,,
Health-literacy level,Health-literacy Level,conversation_observable,True,low,"Measures the degree of health-literacy level demonstrated in the conversation, based on observable language, tone, and behavioral descriptions.",Very low / no evidence of health-literacy level.,Slight evidence of health-literacy level; brief or weak signals.,Moderate health-literacy level; clear but not dominant evidence.,Strong health-literacy level; multiple clear indicators.,Very strong health-literacy level; pervasive and compelling evidence.,,
Estimating Calculations,Estimating Calculations,conversation_observable,True,low,"Measures the degree of estimating calculations demonstrated in the conversation, based on observable language, tone, and behavioral descriptions.",Very low / no evidence of estimating calculations.,Slight evidence of estimating calculations; brief or weak signals.,Moderate estimating calculations; clear but not dominant evidence.,Strong estimating calculations; multiple clear indicators.,Very strong estimating calculations; pervasive and compelling evidence.,,
Depression: Feelings of sadness and hopelessness,Depression: Feelings of Sadness and Hopelessness,medical_health,False,critical,Not directly scoreable from conversation (medical_health).,,,,,,Clinical depression assessment requires professional diagnosis.,
Synthesis of information,Synthesis of Information,conversation_observable,True,low,"Measures the degree of synthesis of information demonstrated in the conversation, based on observable language, tone, and behavioral descriptions.",Very low / no evidence of synthesis of information.,Slight evidence of synthesis of information; brief or weak signals.,Moderate synthesis of information; clear but not dominant evidence.,Strong synthesis of information; multiple clear indicators.,Very strong synthesis of information; pervasive and compelling evidence.,,
Leadership Potential:,Leadership Potential,conversation_observable,True,low,"Measures the degree of leadership potential demonstrated in the conversation, based on observable language, tone, and behavioral descriptions.",Very low / no evidence of leadership potential.,Slight evidence of leadership potential; brief or weak signals.,Moderate leadership potential; clear but not dominant evidence.,Strong leadership potential; multiple clear indicators.,Very strong leadership potential; pervasive and compelling evidence.,,trailing_colon
Ethical standards,Ethical Standards,conversation_observable,True,low,"Measures the degree of ethical standards demonstrated in the conversation, based on observable language, tone, and behavioral descriptions.",Very low / no evidence of ethical standards.,Slight evidence of ethical standards; brief or weak signals.,Moderate ethical standards; clear but not dominant evidence.,Strong ethical standards; multiple clear indicators.,Very strong ethical standards; pervasive and compelling evidence.,,
High-spiritedness,High-spiritedness,conversation_observable,True,low,"Measures the degree of high-spiritedness demonstrated in the conversation, based on observable language, tone, and behavioral descriptions.",Very low / no evidence of high-spiritedness.,Slight evidence of high-spiritedness; brief or weak signals.,Moderate high-spiritedness; clear but not dominant evidence.,Strong high-spiritedness; multiple clear indicators.,Very strong high-spiritedness; pervasive and compelling evidence.,,
Critical reasoning,Critical Reasoning,conversation_observable,True,low,"Measures the degree of critical reasoning demonstrated in the conversation, based on observable language, tone, and behavioral descriptions.",Very low / no evidence of critical reasoning.,Slight evidence of critical reasoning; brief or weak signals.,Moderate critical reasoning; clear but not dominant evidence.,Strong critical reasoning; multiple clear indicators.,Very strong critical reasoning; pervasive and compelling evidence.,,
Sleep-disorder diagnosis,Sleep-disorder Diagnosis,medical_health,False,critical,Not directly scoreable from conversation (medical_health).,,,,,,Medical/biological data cannot be inferred from conversation.,
Listening Skills Subcomponents:,Listening Skills Subcomponents,malformed_header,False,low,Not directly scoreable from conversation (malformed_header).,,,,,,"Entry appears to be a section header, not a scoreable facet.",header_like_entry
Collaboration,Collaboration,conversation_observable,True,low,"Measures the degree of collaboration demonstrated in the conversation, based on observable language, tone, and behavioral descriptions.",Very low / no evidence of collaboration.,Slight evidence of collaboration; brief or weak signals.,Moderate collaboration; clear but not dominant evidence.,Strong collaboration; multiple clear indicators.,Very strong collaboration; pervasive and compelling evidence.,,
Precision of Movements,Precision of Movements,conversation_observable,True,low,"Measures the degree of precision of movements demonstrated in the conversation, based on observable language, tone, and behavioral descriptions.",Very low / no evidence of precision of movements.,Slight evidence of precision of movements; brief or weak signals.,Moderate precision of movements; clear but not dominant evidence.,Strong precision of movements; multiple clear indicators.,Very strong precision of movements; pervasive and compelling evidence.,,
Social Boldness,Social Boldness,conversation_observable,True,low,"Measures the degree of social boldness demonstrated in the conversation, based on observable language, tone, and behavioral descriptions.",Very low / no evidence of social boldness.,Slight evidence of social boldness; brief or weak signals.,Moderate social boldness; clear but not dominant evidence.,Strong social boldness; multiple clear indicators.,Very strong social boldness; pervasive and compelling evidence.,,
Auditory memory,Auditory Memory,conversation_observable,True,low,"Measures the degree of auditory memory demonstrated in the conversation, based on observable language, tone, and behavioral descriptions.",Very low / no evidence of auditory memory.,Slight evidence of auditory memory; brief or weak signals.,Moderate auditory memory; clear but not dominant evidence.,Strong auditory memory; multiple clear indicators.,Very strong auditory memory; pervasive and compelling evidence.,,
Psychomotor Ability Subcomponents:,Psychomotor Ability Subcomponents,malformed_header,False,low,Not directly scoreable from conversation (malformed_header).,,,,,,"Entry appears to be a section header, not a scoreable facet.",header_like_entry
Organized lifestyle,Organized Lifestyle,conversation_observable,True,low,"Measures the degree of organized lifestyle demonstrated in the conversation, based on observable language, tone, and behavioral descriptions.",Very low / no evidence of organized lifestyle.,Slight evidence of organized lifestyle; brief or weak signals.,Moderate organized lifestyle; clear but not dominant evidence.,Strong organized lifestyle; multiple clear indicators.,Very strong organized lifestyle; pervasive and compelling evidence.,,
Skill-endorsements count,Skill-endorsements Count,external_evidence,False,medium,Not directly scoreable from conversation (external_evidence).,,,,,,Quantitative metric requires external measurement data.,
Mysteriousness,Mysteriousness,conversation_observable,True,low,"Measures the degree of mysteriousness demonstrated in the conversation, based on observable language, tone, and behavioral descriptions.",Very low / no evidence of mysteriousness.,Slight evidence of mysteriousness; brief or weak signals.,Moderate mysteriousness; clear but not dominant evidence.,Strong mysteriousness; multiple clear indicators.,Very strong mysteriousness; pervasive and compelling evidence.,,
Cultural Identity,Cultural Identity,conversation_observable,True,low,"Measures the degree of cultural identity demonstrated in the conversation, based on observable language, tone, and behavioral descriptions.",Very low / no evidence of cultural identity.,Slight evidence of cultural identity; brief or weak signals.,Moderate cultural identity; clear but not dominant evidence.,Strong cultural identity; multiple clear indicators.,Very strong cultural identity; pervasive and compelling evidence.,,
Intrinsic Motivation,Intrinsic Motivation,conversation_observable,True,low,"Measures the degree of intrinsic motivation demonstrated in the conversation, based on observable language, tone, and behavioral descriptions.",Very low / no evidence of intrinsic motivation.,Slight evidence of intrinsic motivation; brief or weak signals.,Moderate intrinsic motivation; clear but not dominant evidence.,Strong intrinsic motivation; multiple clear indicators.,Very strong intrinsic motivation; pervasive and compelling evidence.,,
Impartial-mindedness,Impartial-mindedness,conversation_observable,True,low,"Measures the degree of impartial-mindedness demonstrated in the conversation, based on observable language, tone, and behavioral descriptions.",Very low / no evidence of impartial-mindedness.,Slight evidence of impartial-mindedness; brief or weak signals.,Moderate impartial-mindedness; clear but not dominant evidence.,Strong impartial-mindedness; multiple clear indicators.,Very strong impartial-mindedness; pervasive and compelling evidence.,,
Burnout Symptoms,Burnout Symptoms,conversation_observable,True,low,"Measures the degree of burnout symptoms demonstrated in the conversation, based on observable language, tone, and behavioral descriptions.",Very low / no evidence of burnout symptoms.,Slight evidence of burnout symptoms; brief or weak signals.,Moderate burnout symptoms; clear but not dominant evidence.,Strong burnout symptoms; multiple clear indicators.,Very strong burnout symptoms; pervasive and compelling evidence.,,
Holiness,Holiness,conversation_observable,True,low,"Measures the degree of holiness demonstrated in the conversation, based on observable language, tone, and behavioral descriptions.",Very low / no evidence of holiness.,Slight evidence of holiness; brief or weak signals.,Moderate holiness; clear but not dominant evidence.,Strong holiness; multiple clear indicators.,Very strong holiness; pervasive and compelling evidence.,,
Selfcontrol,Selfcontrol,conversation_observable,True,low,"Measures the degree of selfcontrol demonstrated in the conversation, based on observable language, tone, and behavioral descriptions.",Very low / no evidence of selfcontrol.,Slight evidence of selfcontrol; brief or weak signals.,Moderate selfcontrol; clear but not dominant evidence.,Strong selfcontrol; multiple clear indicators.,Very strong selfcontrol; pervasive and compelling evidence.,,
SelfDirectedness,Self Directedness,conversation_observable,True,low,"Measures the degree of self directedness demonstrated in the conversation, based on observable language, tone, and behavioral descriptions.",Very low / no evidence of self directedness.,Slight evidence of self directedness; brief or weak signals.,Moderate self directedness; clear but not dominant evidence.,Strong self directedness; multiple clear indicators.,Very strong self directedness; pervasive and compelling evidence.,,camelcase_compound
Encouraging participation,Encouraging Participation,conversation_observable,True,low,"Measures the degree of encouraging participation demonstrated in the conversation, based on observable language, tone, and behavioral descriptions.",Very low / no evidence of encouraging participation.,Slight evidence of encouraging participation; brief or weak signals.,Moderate encouraging participation; clear but not dominant evidence.,Strong encouraging participation; multiple clear indicators.,Very strong encouraging participation; pervasive and compelling evidence.,,
Impracticalness,Impracticalness,conversation_observable,True,low,"Measures the degree of impracticalness demonstrated in the conversation, based on observable language, tone, and behavioral descriptions.",No signs of impracticalness in the conversation.,Minimal/isolated signs of impracticalness.,Moderate impracticalness apparent in several statements.,Clear and repeated impracticalness throughout.,Pervasive impracticalness dominating the conversation.,,
Meeting Deadlines,Meeting Deadlines,conversation_observable,True,low,"Measures the degree of meeting deadlines demonstrated in the conversation, based on observable language, tone, and behavioral descriptions.",Very low / no evidence of meeting deadlines.,Slight evidence of meeting deadlines; brief or weak signals.,Moderate meeting deadlines; clear but not dominant evidence.,Strong meeting deadlines; multiple clear indicators.,Very strong meeting deadlines; pervasive and compelling evidence.,,
Data Analysis,Data Analysis,conversation_observable,True,low,"Measures the degree of data analysis demonstrated in the conversation, based on observable language, tone, and behavioral descriptions.",Very low / no evidence of data analysis.,Slight evidence of data analysis; brief or weak signals.,Moderate data analysis; clear but not dominant evidence.,Strong data analysis; multiple clear indicators.,Very strong data analysis; pervasive and compelling evidence.,,
Social Interaction Skills,Social Interaction Skills,conversation_observable,True,low,"Measures the degree of social interaction skills demonstrated in the conversation, based on observable language, tone, and behavioral descriptions.",Very low / no evidence of social interaction skills.,Slight evidence of social interaction skills; brief or weak signals.,Moderate social interaction skills; clear but not dominant evidence.,Strong social interaction skills; multiple clear indicators.,Very strong social interaction skills; pervasive and compelling evidence.,,
Psychoticism,Psychoticism,medical_health,False,critical,Not directly scoreable from conversation (medical_health).,,,,,,Medical/biological data cannot be inferred from conversation.,
Ethical leadership rating,Ethical Leadership Rating,conversation_observable,True,low,"Measures the degree of ethical leadership rating demonstrated in the conversation, based on observable language, tone, and behavioral descriptions.",Very low / no evidence of ethical leadership rating.,Slight evidence of ethical leadership rating; brief or weak signals.,Moderate ethical leadership rating; clear but not dominant evidence.,Strong ethical leadership rating; multiple clear indicators.,Very strong ethical leadership rating; pervasive and compelling evidence.,,
Slothfulness,Slothfulness,conversation_observable,True,low,"Measures the degree of slothfulness demonstrated in the conversation, based on observable language, tone, and behavioral descriptions.",No signs of slothfulness in the conversation.,Minimal/isolated signs of slothfulness.,Moderate slothfulness apparent in several statements.,Clear and repeated slothfulness throughout.,Pervasive slothfulness dominating the conversation.,,
Happiness,Happiness,conversation_observable,True,low,"Measures the degree of happiness demonstrated in the conversation, based on observable language, tone, and behavioral descriptions.",Very low / no evidence of happiness.,Slight evidence of happiness; brief or weak signals.,Moderate happiness; clear but not dominant evidence.,Strong happiness; multiple clear indicators.,Very strong happiness; pervasive and compelling evidence.,,
Contentment Levels,Contentment Levels,conversation_observable,True,low,"Measures the degree of contentment levels demonstrated in the conversation, based on observable language, tone, and behavioral descriptions.",Very low / no evidence of contentment levels.,Slight evidence of contentment levels; brief or weak signals.,Moderate contentment levels; clear but not dominant evidence.,Strong contentment levels; multiple clear indicators.,Very strong contentment levels; pervasive and compelling evidence.,,
Neuroticism,Neuroticism,conversation_observable,True,low,"Measures the degree of neuroticism demonstrated in the conversation, based on observable language, tone, and behavioral descriptions.",Very low / no evidence of neuroticism.,Slight evidence of neuroticism; brief or weak signals.,Moderate neuroticism; clear but not dominant evidence.,Strong neuroticism; multiple clear indicators.,Very strong neuroticism; pervasive and compelling evidence.,,
Desire for excellence,Desire for Excellence,conversation_observable,True,low,"Measures the degree of desire for excellence demonstrated in the conversation, based on observable language, tone, and behavioral descriptions.",Very low / no evidence of desire for excellence.,Slight evidence of desire for excellence; brief or weak signals.,Moderate desire for excellence; clear but not dominant evidence.,Strong desire for excellence; multiple clear indicators.,Very strong desire for excellence; pervasive and compelling evidence.,,
Perceiving,Perceiving,conversation_observable,True,low,"Measures the degree of perceiving demonstrated in the conversation, based on observable language, tone, and behavioral descriptions.",Very low / no evidence of perceiving.,Slight evidence of perceiving; brief or weak signals.,Moderate perceiving; clear but not dominant evidence.,Strong perceiving; multiple clear indicators.,Very strong perceiving; pervasive and compelling evidence.,,
Liberalism,Liberalism,conversation_observable,True,low,"Measures the degree of liberalism demonstrated in the conversation, based on observable language, tone, and behavioral descriptions.",Very low / no evidence of liberalism.,Slight evidence of liberalism; brief or weak signals.,Moderate liberalism; clear but not dominant evidence.,Strong liberalism; multiple clear indicators.,Very strong liberalism; pervasive and compelling evidence.,,
Inversion comfort level,Inversion Comfort Level,conversation_observable,True,low,"Measures the degree of inversion comfort level demonstrated in the conversation, based on observable language, tone, and behavioral descriptions.",Very low / no evidence of inversion comfort level.,Slight evidence of inversion comfort level; brief or weak signals.,Moderate inversion comfort level; clear but not dominant evidence.,Strong inversion comfort level; multiple clear indicators.,Very strong inversion comfort level; pervasive and compelling evidence.,,
Affection,Affection,conversation_observable,True,low,"Measures the degree of affection demonstrated in the conversation, based on observable language, tone, and behavioral descriptions.",Very low / no evidence of affection.,Slight evidence of affection; brief or weak signals.,Moderate affection; clear but not dominant evidence.,Strong affection; multiple clear indicators.,Very strong affection; pervasive and compelling evidence.,,
Numeric Filing Skills,Numeric Filing Skills,conversation_observable,True,low,"Measures the degree of numeric filing skills demonstrated in the conversation, based on observable language, tone, and behavioral descriptions.",Very low / no evidence of numeric filing skills.,Slight evidence of numeric filing skills; brief or weak signals.,Moderate numeric filing skills; clear but not dominant evidence.,Strong numeric filing skills; multiple clear indicators.,Very strong numeric filing skills; pervasive and compelling evidence.,,
Martyrdom,Martyrdom,conversation_observable,True,low,"Measures the degree of martyrdom demonstrated in the conversation, based on observable language, tone, and behavioral descriptions.",Very low / no evidence of martyrdom.,Slight evidence of martyrdom; brief or weak signals.,Moderate martyrdom; clear but not dominant evidence.,Strong martyrdom; multiple clear indicators.,Very strong martyrdom; pervasive and compelling evidence.,,
Parathyroid-hormone level,Parathyroid-hormone Level,medical_health,False,critical,Not directly scoreable from conversation (medical_health).,,,,,,Medical/biological data cannot be inferred from conversation.,
Seeking approval,Seeking Approval,conversation_observable,True,low,"Measures the degree of seeking approval demonstrated in the conversation, based on observable language, tone, and behavioral descriptions.",Very low / no evidence of seeking approval.,Slight evidence of seeking approval; brief or weak signals.,Moderate seeking approval; clear but not dominant evidence.,Strong seeking approval; multiple clear indicators.,Very strong seeking approval; pervasive and compelling evidence.,,
Judging (J):,Judging (J),conversation_observable,True,low,"Measures the degree of judging (j) demonstrated in the conversation, based on observable language, tone, and behavioral descriptions.",Very low / no evidence of judging (j).,Slight evidence of judging (j); brief or weak signals.,Moderate judging (j); clear but not dominant evidence.,Strong judging (j); multiple clear indicators.,Very strong judging (j); pervasive and compelling evidence.,,trailing_colon
Big Five facet Openness – Artistic Interests,Big Five Facet Openness – Artistic Interests,ambiguous,False,medium,Not directly scoreable from conversation (ambiguous).,,,,,,Named psychometric facet requires validated instrument for precise scoring.,
Psychological construct: Operant-Learning rate,Psychological Construct: Operant-learning Rate,ambiguous,False,high,Not directly scoreable from conversation (ambiguous).,,,,,,Standardised psychological measure requires validated instrument.,
Psychological construct: Need for Achievement level,Psychological Construct: Need for Achievement Level,ambiguous,False,high,Not directly scoreable from conversation (ambiguous).,,,,,,Standardised psychological measure requires validated instrument.,
Cantankerousness,Cantankerousness,conversation_observable,True,low,"Measures the degree of cantankerousness demonstrated in the conversation, based on observable language, tone, and behavioral descriptions.",No signs of cantankerousness in the conversation.,Minimal/isolated signs of cantankerousness.,Moderate cantankerousness apparent in several statements.,Clear and repeated cantankerousness throughout.,Pervasive cantankerousness dominating the conversation.,,
Material properties knowledge,Material Properties Knowledge,conversation_observable,True,low,"Measures the degree of material properties knowledge demonstrated in the conversation, based on observable language, tone, and behavioral descriptions.",Very low / no evidence of material properties knowledge.,Slight evidence of material properties knowledge; brief or weak signals.,Moderate material properties knowledge; clear but not dominant evidence.,Strong material properties knowledge; multiple clear indicators.,Very strong material properties knowledge; pervasive and compelling evidence.,,
Hostility,Hostility,conversation_observable,True,low,"Measures the degree of hostility demonstrated in the conversation, based on observable language, tone, and behavioral descriptions.",No signs of hostility in the conversation.,Minimal/isolated signs of hostility.,Moderate hostility apparent in several statements.,Clear and repeated hostility throughout.,Pervasive hostility dominating the conversation.,,
Independence,Independence,conversation_observable,True,low,"Measures the degree of independence demonstrated in the conversation, based on observable language, tone, and behavioral descriptions.",Very low / no evidence of independence.,Slight evidence of independence; brief or weak signals.,Moderate independence; clear but not dominant evidence.,Strong independence; multiple clear indicators.,Very strong independence; pervasive and compelling evidence.,,
800. Sufi practice: Sufi retreat attendance count,Sufi Practice: Sufi Retreat Attendance Count,external_evidence,False,medium,Not directly scoreable from conversation (external_evidence).,,,,,,Quantitative spiritual/religious metric requires external data.,numbered_prefix
Chromatin-accessibility score,Chromatin-accessibility Score,medical_health,False,critical,Not directly scoreable from conversation (medical_health).,,,,,,Medical/biological data cannot be inferred from conversation.,
644. Spiritual virtue: Humility practice index,Spiritual Virtue: Humility Practice Index,external_evidence,False,medium,Not directly scoreable from conversation (external_evidence).,,,,,,Quantitative spiritual/religious metric requires external data.,numbered_prefix
754. I Ching hexagram 36 resonance level,I Ching Hexagram 36 Resonance Level,external_evidence,False,medium,Not directly scoreable from conversation (external_evidence).,,,,,,Esoteric/spiritual metric requires external measurement.,numbered_prefix
Well-being component: Engagement,Well-being Component: Engagement,ambiguous,False,medium,Not directly scoreable from conversation (ambiguous).,,,,,,Composite psychological measure; partial signals may appear in conversation but safe scoring requires validated tools.,
Need for social interaction,Need for Social Interaction,conversation_observable,True,low,"Measures the degree of need for social interaction demonstrated in the conversation, based on observable language, tone, and behavioral descriptions.",Very low / no evidence of need for social interaction.,Slight evidence of need for social interaction; brief or weak signals.,Moderate need for social interaction; clear but not dominant evidence.,Strong need for social interaction; multiple clear indicators.,Very strong need for social interaction; pervasive and compelling evidence.,,
Peer-collaboration hours,Peer-collaboration Hours,conversation_observable,True,low,"Measures the degree of peer-collaboration hours demonstrated in the conversation, based on observable language, tone, and behavioral descriptions.",Very low / no evidence of peer-collaboration hours.,Slight evidence of peer-collaboration hours; brief or weak signals.,Moderate peer-collaboration hours; clear but not dominant evidence.,Strong peer-collaboration hours; multiple clear indicators.,Very strong peer-collaboration hours; pervasive and compelling evidence.,,
Arts and Humanities,Arts and Humanities,conversation_observable,True,low,"Measures the degree of arts and humanities demonstrated in the conversation, based on observable language, tone, and behavioral descriptions.",Very low / no evidence of arts and humanities.,Slight evidence of arts and humanities; brief or weak signals.,Moderate arts and humanities; clear but not dominant evidence.,Strong arts and humanities; multiple clear indicators.,Very strong arts and humanities; pervasive and compelling evidence.,,
596. Religious practice: Quran khatam cycles per year,Religious Practice: Quran Khatam Cycles Per Year,external_evidence,False,medium,Not directly scoreable from conversation (external_evidence).,,,,,,Quantitative spiritual/religious metric requires external data.,numbered_prefix
926. Bahá’í spiritual metric: Ridván festival participation,Bahá’í Spiritual Metric: Ridván Festival Participation,external_evidence,False,medium,Not directly scoreable from conversation (external_evidence).,,,,,,Quantitative spiritual/religious metric requires external data.,numbered_prefix
Compassion,Compassion,conversation_observable,True,low,"Measures the degree of compassion demonstrated in the conversation, based on observable language, tone, and behavioral descriptions.",Very low / no evidence of compassion.,Slight evidence of compassion; brief or weak signals.,Moderate compassion; clear but not dominant evidence.,Strong compassion; multiple clear indicators.,Very strong compassion; pervasive and compelling evidence.,,
Information Retention,Information Retention,conversation_observable,True,low,"Measures the degree of information retention demonstrated in the conversation, based on observable language, tone, and behavioral descriptions.",Very low / no evidence of information retention.,Slight evidence of information retention; brief or weak signals.,Moderate information retention; clear but not dominant evidence.,Strong information retention; multiple clear indicators.,Very strong information retention; pervasive and compelling evidence.,,
Eye-contact duration,Eye-contact Duration,conversation_observable,True,low,"Measures the degree of eye-contact duration demonstrated in the conversation, based on observable language, tone, and behavioral descriptions.",Very low / no evidence of eye-contact duration.,Slight evidence of eye-contact duration; brief or weak signals.,Moderate eye-contact duration; clear but not dominant evidence.,Strong eye-contact duration; multiple clear indicators.,Very strong eye-contact duration; pervasive and compelling evidence.,,
Self-righteousness,Self-righteousness,conversation_observable,True,low,"Measures the degree of self-righteousness demonstrated in the conversation, based on observable language, tone, and behavioral descriptions.",Very low / no evidence of self-righteousness.,Slight evidence of self-righteousness; brief or weak signals.,Moderate self-righteousness; clear but not dominant evidence.,Strong self-righteousness; multiple clear indicators.,Very strong self-righteousness; pervasive and compelling evidence.,,
General Mood and Attitude,General Mood and Attitude,conversation_observable,True,low,"Measures the degree of general mood and attitude demonstrated in the conversation, based on observable language, tone, and behavioral descriptions.",Very low / no evidence of general mood and attitude.,Slight evidence of general mood and attitude; brief or weak signals.,Moderate general mood and attitude; clear but not dominant evidence.,Strong general mood and attitude; multiple clear indicators.,Very strong general mood and attitude; pervasive and compelling evidence.,,
Serotonin transporter availability,Serotonin Transporter Availability,medical_health,False,critical,Not directly scoreable from conversation (medical_health).,,,,,,Medical/biological data cannot be inferred from conversation.,
Contribution to Group Goals,Contribution to Group Goals,conversation_observable,True,low,"Measures the degree of contribution to group goals demonstrated in the conversation, based on observable language, tone, and behavioral descriptions.",Very low / no evidence of contribution to group goals.,Slight evidence of contribution to group goals; brief or weak signals.,Moderate contribution to group goals; clear but not dominant evidence.,Strong contribution to group goals; multiple clear indicators.,Very strong contribution to group goals; pervasive and compelling evidence.,,
Dignity,Dignity,conversation_observable,True,low,"Measures the degree of dignity demonstrated in the conversation, based on observable language, tone, and behavioral descriptions.",Very low / no evidence of dignity.,Slight evidence of dignity; brief or weak signals.,Moderate dignity; clear but not dominant evidence.,Strong dignity; multiple clear indicators.,Very strong dignity; pervasive and compelling evidence.,,
HEXACO Personality Inventory Facets:,Hexaco Personality Inventory Facets,malformed_header,False,low,Not directly scoreable from conversation (malformed_header).,,,,,,"Entry appears to be a section header, not a scoreable facet.",header_like_entry
Evaluating Solutions,Evaluating Solutions,conversation_observable,True,low,"Measures the degree of evaluating solutions demonstrated in the conversation, based on observable language, tone, and behavioral descriptions.",Very low / no evidence of evaluating solutions.,Slight evidence of evaluating solutions; brief or weak signals.,Moderate evaluating solutions; clear but not dominant evidence.,Strong evaluating solutions; multiple clear indicators.,Very strong evaluating solutions; pervasive and compelling evidence.,,
Input,Input,conversation_observable,True,low,"Measures the degree of input demonstrated in the conversation, based on observable language, tone, and behavioral descriptions.",Very low / no evidence of input.,Slight evidence of input; brief or weak signals.,Moderate input; clear but not dominant evidence.,Strong input; multiple clear indicators.,Very strong input; pervasive and compelling evidence.,,
Discreteness,Discreteness,conversation_observable,True,low,"Measures the degree of discreteness demonstrated in the conversation, based on observable language, tone, and behavioral descriptions.",Very low / no evidence of discreteness.,Slight evidence of discreteness; brief or weak signals.,Moderate discreteness; clear but not dominant evidence.,Strong discreteness; multiple clear indicators.,Very strong discreteness; pervasive and compelling evidence.,,
607. Energy-healing practice: Reiki sessions / year,Energy-healing Practice: Reiki Sessions / Year,external_evidence,False,medium,Not directly scoreable from conversation (external_evidence).,,,,,,Quantitative spiritual/religious metric requires external data.,numbered_prefix
692. Astrology: Rising sign is Scorpio,Astrology: Rising Sign Is Scorpio,external_evidence,False,medium,Not directly scoreable from conversation (external_evidence).,,,,,,Esoteric/spiritual metric requires external measurement.,numbered_prefix
Character strength: Social Intelligence,Character Strength: Social Intelligence,conversation_observable,True,low,"Measures the degree of character strength: social intelligence demonstrated in the conversation, based on observable language, tone, and behavioral descriptions.",Very low / no evidence of character strength: social intelligence.,Slight evidence of character strength: social intelligence; brief or weak signals.,Moderate character strength: social intelligence; clear but not dominant evidence.,Strong character strength: social intelligence; multiple clear indicators.,Very strong character strength: social intelligence; pervasive and compelling evidence.,,
Bravery,Bravery,conversation_observable,True,low,"Measures the degree of bravery demonstrated in the conversation, based on observable language, tone, and behavioral descriptions.",Very low / no evidence of bravery.,Slight evidence of bravery; brief or weak signals.,Moderate bravery; clear but not dominant evidence.,Strong bravery; multiple clear indicators.,Very strong bravery; pervasive and compelling evidence.,,
Childhood Experiences,Childhood Experiences,biographical,False,high,Not directly scoreable from conversation (biographical).,,,,,,Biographical fact requires external information.,
Data-sharing consent level,Data-sharing Consent Level,conversation_observable,True,low,"Measures the degree of data-sharing consent level demonstrated in the conversation, based on observable language, tone, and behavioral descriptions.",Very low / no evidence of data-sharing consent level.,Slight evidence of data-sharing consent level; brief or weak signals.,Moderate data-sharing consent level; clear but not dominant evidence.,Strong data-sharing consent level; multiple clear indicators.,Very strong data-sharing consent level; pervasive and compelling evidence.,,
Vision-check frequency,Vision-check Frequency,conversation_observable,True,low,"Measures the degree of vision-check frequency demonstrated in the conversation, based on observable language, tone, and behavioral descriptions.",Very low / no evidence of vision-check frequency.,Slight evidence of vision-check frequency; brief or weak signals.,Moderate vision-check frequency; clear but not dominant evidence.,Strong vision-check frequency; multiple clear indicators.,Very strong vision-check frequency; pervasive and compelling evidence.,,
Physical-violence exposure,Physical-violence Exposure,conversation_observable,True,high,"Measures the degree of physical-violence exposure demonstrated in the conversation, based on observable language, tone, and behavioral descriptions.",Very low / no evidence of physical-violence exposure.,Slight evidence of physical-violence exposure; brief or weak signals.,Moderate physical-violence exposure; clear but not dominant evidence.,Strong physical-violence exposure; multiple clear indicators.,Very strong physical-violence exposure; pervasive and compelling evidence.,,
Macronutrient ratio: fat,Macronutrient Ratio: Fat,medical_health,False,critical,Not directly scoreable from conversation (medical_health).,,,,,,Medical/biological data cannot be inferred from conversation.,
Cooking and Culinary Arts,Cooking and Culinary Arts,conversation_observable,True,low,"Measures the degree of cooking and culinary arts demonstrated in the conversation, based on observable language, tone, and behavioral descriptions.",Very low / no evidence of cooking and culinary arts.,Slight evidence of cooking and culinary arts; brief or weak signals.,Moderate cooking and culinary arts; clear but not dominant evidence.,Strong cooking and culinary arts; multiple clear indicators.,Very strong cooking and culinary arts; pervasive and compelling evidence.,,
Language use,Language Use,conversation_observable,True,low,"Measures the degree of language use demonstrated in the conversation, based on observable language, tone, and behavioral descriptions.",Very low / no evidence of language use.,Slight evidence of language use; brief or weak signals.,Moderate language use; clear but not dominant evidence.,Strong language use; multiple clear indicators.,Very strong language use; pervasive and compelling evidence.,,
Dance-style mastery diversity,Dance-style Mastery Diversity,conversation_observable,True,low,"Measures the degree of dance-style mastery diversity demonstrated in the conversation, based on observable language, tone, and behavioral descriptions.",Very low / no evidence of dance-style mastery diversity.,Slight evidence of dance-style mastery diversity; brief or weak signals.,Moderate dance-style mastery diversity; clear but not dominant evidence.,Strong dance-style mastery diversity; multiple clear indicators.,Very strong dance-style mastery diversity; pervasive and compelling evidence.,,
Satya Adherence,Satya Adherence,conversation_observable,True,low,"Measures the degree of satya adherence demonstrated in the conversation, based on observable language, tone, and behavioral descriptions.",Very low / no evidence of satya adherence.,Slight evidence of satya adherence; brief or weak signals.,Moderate satya adherence; clear but not dominant evidence.,Strong satya adherence; multiple clear indicators.,Very strong satya adherence; pervasive and compelling evidence.,,
Ethnocentrism,Ethnocentrism,conversation_observable,True,low,"Measures the degree of ethnocentrism demonstrated in the conversation, based on observable language, tone, and behavioral descriptions.",Very low / no evidence of ethnocentrism.,Slight evidence of ethnocentrism; brief or weak signals.,Moderate ethnocentrism; clear but not dominant evidence.,Strong ethnocentrism; multiple clear indicators.,Very strong ethnocentrism; pervasive and compelling evidence.,,
Emotional Boundaries,Emotional Boundaries,conversation_observable,True,low,"Measures the degree of emotional boundaries demonstrated in the conversation, based on observable language, tone, and behavioral descriptions.",Very low / no evidence of emotional boundaries.,Slight evidence of emotional boundaries; brief or weak signals.,Moderate emotional boundaries; clear but not dominant evidence.,Strong emotional boundaries; multiple clear indicators.,Very strong emotional boundaries; pervasive and compelling evidence.,,
Creativity in solutions,Creativity in Solutions,conversation_observable,True,low,"Measures the degree of creativity in solutions demonstrated in the conversation, based on observable language, tone, and behavioral descriptions.",Very low / no evidence of creativity in solutions.,Slight evidence of creativity in solutions; brief or weak signals.,Moderate creativity in solutions; clear but not dominant evidence.,Strong creativity in solutions; multiple clear indicators.,Very strong creativity in solutions; pervasive and compelling evidence.,,
Psychological construct: Hope scale,Psychological Construct: Hope Scale,ambiguous,False,high,Not directly scoreable from conversation (ambiguous).,,,,,,Standardised psychological measure requires validated instrument.,
565. Practice frequency: Walking meditation,Practice Frequency: Walking Meditation,external_evidence,False,medium,Not directly scoreable from conversation (external_evidence).,,,,,,Quantitative spiritual/religious metric requires external data.,numbered_prefix
Depression (DEP),Depression (DEP),medical_health,False,critical,Not directly scoreable from conversation (medical_health).,,,,,,Medical/biological data cannot be inferred from conversation.,
Understanding Mathematical Concepts,Understanding Mathematical Concepts,conversation_observable,True,low,"Measures the degree of understanding mathematical concepts demonstrated in the conversation, based on observable language, tone, and behavioral descriptions.",Very low / no evidence of understanding mathematical concepts.,Slight evidence of understanding mathematical concepts; brief or weak signals.,Moderate understanding mathematical concepts; clear but not dominant evidence.,Strong understanding mathematical concepts; multiple clear indicators.,Very strong understanding mathematical concepts; pervasive and compelling evidence.,,
Hypomania (Ma),Hypomania (ma),medical_health,False,critical,Not directly scoreable from conversation (medical_health).,,,,,,Medical/biological data cannot be inferred from conversation.,
Goal-Directed Behavior,Goal-directed Behavior,conversation_observable,True,low,"Measures the degree of goal-directed behavior demonstrated in the conversation, based on observable language, tone, and behavioral descriptions.",Very low / no evidence of goal-directed behavior.,Slight evidence of goal-directed behavior; brief or weak signals.,Moderate goal-directed behavior; clear but not dominant evidence.,Strong goal-directed behavior; multiple clear indicators.,Very strong goal-directed behavior; pervasive and compelling evidence.,,
Depth of Emotional Connections,Depth of Emotional Connections,conversation_observable,True,low,"Measures the degree of depth of emotional connections demonstrated in the conversation, based on observable language, tone, and behavioral descriptions.",Very low / no evidence of depth of emotional connections.,Slight evidence of depth of emotional connections; brief or weak signals.,Moderate depth of emotional connections; clear but not dominant evidence.,Strong depth of emotional connections; multiple clear indicators.,Very strong depth of emotional connections; pervasive and compelling evidence.,,
Binding foundations index,Binding Foundations Index,conversation_observable,True,low,"Measures the degree of binding foundations index demonstrated in the conversation, based on observable language, tone, and behavioral descriptions.",Very low / no evidence of binding foundations index.,Slight evidence of binding foundations index; brief or weak signals.,Moderate binding foundations index; clear but not dominant evidence.,Strong binding foundations index; multiple clear indicators.,Very strong binding foundations index; pervasive and compelling evidence.,,
Ego Dissolution Frequency,Ego Dissolution Frequency,conversation_observable,True,low,"Measures the degree of ego dissolution frequency demonstrated in the conversation, based on observable language, tone, and behavioral descriptions.",Very low / no evidence of ego dissolution frequency.,Slight evidence of ego dissolution frequency; brief or weak signals.,Moderate ego dissolution frequency; clear but not dominant evidence.,Strong ego dissolution frequency; multiple clear indicators.,Very strong ego dissolution frequency; pervasive and compelling evidence.,,
Activator: Turning thoughts into action,Activator: Turning Thoughts Into Action,conversation_observable,True,low,"Measures the degree of activator: turning thoughts into action demonstrated in the conversation, based on observable language, tone, and behavioral descriptions.",Very low / no evidence of activator: turning thoughts into action.,Slight evidence of activator: turning thoughts into action; brief or weak signals.,Moderate activator: turning thoughts into action; clear but not dominant evidence.,Strong activator: turning thoughts into action; multiple clear indicators.,Very strong activator: turning thoughts into action; pervasive and compelling evidence.,,
967. Gnostic spiritual metric: Archon meditation frequency,Gnostic Spiritual Metric: Archon Meditation Frequency,external_evidence,False,medium,Not directly scoreable from conversation (external_evidence).,,,,,,Quantitative spiritual/religious metric requires external data.,numbered_prefix
Exemplariness,Exemplariness,conversation_observable,True,low,"Measures the degree of exemplariness demonstrated in the conversation, based on observable language, tone, and behavioral descriptions.",Very low / no evidence of exemplariness.,Slight evidence of exemplariness; brief or weak signals.,Moderate exemplariness; clear but not dominant evidence.,Strong exemplariness; multiple clear indicators.,Very strong exemplariness; pervasive and compelling evidence.,,
Moral and Ethical Parameters:,Moral and Ethical Parameters,malformed_header,False,low,Not directly scoreable from conversation (malformed_header).,,,,,,"Entry appears to be a section header, not a scoreable facet.",header_like_entry
Submission:,Submission,conversation_observable,True,low,"Measures the degree of submission demonstrated in the conversation, based on observable language, tone, and behavioral descriptions.",Very low / no evidence of submission.,Slight evidence of submission; brief or weak signals.,Moderate submission; clear but not dominant evidence.,Strong submission; multiple clear indicators.,Very strong submission; pervasive and compelling evidence.,,trailing_colon
Frankness,Frankness,conversation_observable,True,low,"Measures the degree of frankness demonstrated in the conversation, based on observable language, tone, and behavioral descriptions.",Very low / no evidence of frankness.,Slight evidence of frankness; brief or weak signals.,Moderate frankness; clear but not dominant evidence.,Strong frankness; multiple clear indicators.,Very strong frankness; pervasive and compelling evidence.,,
Psychological construct: Psychological Safety climate,Psychological Construct: Psychological Safety Climate,ambiguous,False,high,Not directly scoreable from conversation (ambiguous).,,,,,,Standardised psychological measure requires validated instrument.,
Psychological construct: Self-Compassion total,Psychological Construct: Self-compassion Total,ambiguous,False,high,Not directly scoreable from conversation (ambiguous).,,,,,,Standardised psychological measure requires validated instrument.,
Psychological construct: Executive-Function composite,Psychological Construct: Executive-function Composite,ambiguous,False,high,Not directly scoreable from conversation (ambiguous).,,,,,,Standardised psychological measure requires validated instrument.,
Rebelliousness,Rebelliousness,conversation_observable,True,low,"Measures the degree of rebelliousness demonstrated in the conversation, based on observable language, tone, and behavioral descriptions.",No signs of rebelliousness in the conversation.,Minimal/isolated signs of rebelliousness.,Moderate rebelliousness apparent in several statements.,Clear and repeated rebelliousness throughout.,Pervasive rebelliousness dominating the conversation.,,
Volunteer Work,Volunteer Work,conversation_observable,True,low,"Measures the degree of volunteer work demonstrated in the conversation, based on observable language, tone, and behavioral descriptions.",Very low / no evidence of volunteer work.,Slight evidence of volunteer work; brief or weak signals.,Moderate volunteer work; clear but not dominant evidence.,Strong volunteer work; multiple clear indicators.,Very strong volunteer work; pervasive and compelling evidence.,,
Intellect,Intellect,conversation_observable,True,low,"Measures the degree of intellect demonstrated in the conversation, based on observable language, tone, and behavioral descriptions.",Very low / no evidence of intellect.,Slight evidence of intellect; brief or weak signals.,Moderate intellect; clear but not dominant evidence.,Strong intellect; multiple clear indicators.,Very strong intellect; pervasive and compelling evidence.,,
Use of Mathematical Formulas,Use of Mathematical Formulas,conversation_observable,True,low,"Measures the degree of use of mathematical formulas demonstrated in the conversation, based on observable language, tone, and behavioral descriptions.",Very low / no evidence of use of mathematical formulas.,Slight evidence of use of mathematical formulas; brief or weak signals.,Moderate use of mathematical formulas; clear but not dominant evidence.,Strong use of mathematical formulas; multiple clear indicators.,Very strong use of mathematical formulas; pervasive and compelling evidence.,,
Coarseness,Coarseness,conversation_observable,True,low,"Measures the degree of coarseness demonstrated in the conversation, based on observable language, tone, and behavioral descriptions.",No signs of coarseness in the conversation.,Minimal/isolated signs of coarseness.,Moderate coarseness apparent in several statements.,Clear and repeated coarseness throughout.,Pervasive coarseness dominating the conversation.,,
Behavioral Tendencies and Subcomponents:,Behavioral Tendencies and Subcomponents,malformed_header,False,low,Not directly scoreable from conversation (malformed_header).,,,,,,"Entry appears to be a section header, not a scoreable facet.",header_like_entry
Sensitivity,Sensitivity,conversation_observable,True,low,"Measures the degree of sensitivity demonstrated in the conversation, based on observable language, tone, and behavioral descriptions.",Very low / no evidence of sensitivity.,Slight evidence of sensitivity; brief or weak signals.,Moderate sensitivity; clear but not dominant evidence.,Strong sensitivity; multiple clear indicators.,Very strong sensitivity; pervasive and compelling evidence.,,
Divided Attention Ability,Divided Attention Ability,conversation_observable,True,low,"Measures the degree of divided attention ability demonstrated in the conversation, based on observable language, tone, and behavioral descriptions.",Very low / no evidence of divided attention ability.,Slight evidence of divided attention ability; brief or weak signals.,Moderate divided attention ability; clear but not dominant evidence.,Strong divided attention ability; multiple clear indicators.,Very strong divided attention ability; pervasive and compelling evidence.,,
Psychological construct: Acculturative Stress score,Psychological Construct: Acculturative Stress Score,ambiguous,False,high,Not directly scoreable from conversation (ambiguous).,,,,,,Standardised psychological measure requires validated instrument.,
Dauntlessness,Dauntlessness,conversation_observable,True,low,"Measures the degree of dauntlessness demonstrated in the conversation, based on observable language, tone, and behavioral descriptions.",Very low / no evidence of dauntlessness.,Slight evidence of dauntlessness; brief or weak signals.,Moderate dauntlessness; clear but not dominant evidence.,Strong dauntlessness; multiple clear indicators.,Very strong dauntlessness; pervasive and compelling evidence.,,
Concreteness,Concreteness,conversation_observable,True,low,"Measures the degree of concreteness demonstrated in the conversation, based on observable language, tone, and behavioral descriptions.",Very low / no evidence of concreteness.,Slight evidence of concreteness; brief or weak signals.,Moderate concreteness; clear but not dominant evidence.,Strong concreteness; multiple clear indicators.,Very strong concreteness; pervasive and compelling evidence.,,
Hysteria (Hy),Hysteria (hy),medical_health,False,critical,Not directly scoreable from conversation (medical_health).,,,,,,Medical/biological data cannot be inferred from conversation.,
911. Jewish spiritual metric: Sukkot lulav-shaking days,Jewish Spiritual Metric: Sukkot Lulav-shaking Days,external_evidence,False,medium,Not directly scoreable from conversation (external_evidence).,,,,,,Quantitative spiritual/religious metric requires external data.,numbered_prefix
Sentence Structure,Sentence Structure,conversation_observable,True,low,"Measures the degree of sentence structure demonstrated in the conversation, based on observable language, tone, and behavioral descriptions.",Very low / no evidence of sentence structure.,Slight evidence of sentence structure; brief or weak signals.,Moderate sentence structure; clear but not dominant evidence.,Strong sentence structure; multiple clear indicators.,Very strong sentence structure; pervasive and compelling evidence.,,
Esteem Needs,Esteem Needs,conversation_observable,True,low,"Measures the degree of esteem needs demonstrated in the conversation, based on observable language, tone, and behavioral descriptions.",Very low / no evidence of esteem needs.,Slight evidence of esteem needs; brief or weak signals.,Moderate esteem needs; clear but not dominant evidence.,Strong esteem needs; multiple clear indicators.,Very strong esteem needs; pervasive and compelling evidence.,,
Understanding mechanical concepts,Understanding Mechanical Concepts,conversation_observable,True,low,"Measures the degree of understanding mechanical concepts demonstrated in the conversation, based on observable language, tone, and behavioral descriptions.",Very low / no evidence of understanding mechanical concepts.,Slight evidence of understanding mechanical concepts; brief or weak signals.,Moderate understanding mechanical concepts; clear but not dominant evidence.,Strong understanding mechanical concepts; multiple clear indicators.,Very strong understanding mechanical concepts; pervasive and compelling evidence.,,
Auditory Memory Recall,Auditory Memory Recall,conversation_observable,True,low,"Measures the degree of auditory memory recall demonstrated in the conversation, based on observable language, tone, and behavioral descriptions.",Very low / no evidence of auditory memory recall.,Slight evidence of auditory memory recall; brief or weak signals.,Moderate auditory memory recall; clear but not dominant evidence.,Strong auditory memory recall; multiple clear indicators.,Very strong auditory memory recall; pervasive and compelling evidence.,,
Storytelling proficiency,Storytelling Proficiency,conversation_observable,True,low,"Measures the degree of storytelling proficiency demonstrated in the conversation, based on observable language, tone, and behavioral descriptions.",Very low / no evidence of storytelling proficiency.,Slight evidence of storytelling proficiency; brief or weak signals.,Moderate storytelling proficiency; clear but not dominant evidence.,Strong storytelling proficiency; multiple clear indicators.,Very strong storytelling proficiency; pervasive and compelling evidence.,,
Music-lessons years,Music-lessons Years,conversation_observable,True,low,"Measures the degree of music-lessons years demonstrated in the conversation, based on observable language, tone, and behavioral descriptions.",Very low / no evidence of music-lessons years.,Slight evidence of music-lessons years; brief or weak signals.,Moderate music-lessons years; clear but not dominant evidence.,Strong music-lessons years; multiple clear indicators.,Very strong music-lessons years; pervasive and compelling evidence.,,
Warmheartedness,Warmheartedness,conversation_observable,True,low,"Measures the degree of warmheartedness demonstrated in the conversation, based on observable language, tone, and behavioral descriptions.",Very low / no evidence of warmheartedness.,Slight evidence of warmheartedness; brief or weak signals.,Moderate warmheartedness; clear but not dominant evidence.,Strong warmheartedness; multiple clear indicators.,Very strong warmheartedness; pervasive and compelling evidence.,,
Self-effacement,Self-effacement,conversation_observable,True,low,"Measures the degree of self-effacement demonstrated in the conversation, based on observable language, tone, and behavioral descriptions.",Very low / no evidence of self-effacement.,Slight evidence of self-effacement; brief or weak signals.,Moderate self-effacement; clear but not dominant evidence.,Strong self-effacement; multiple clear indicators.,Very strong self-effacement; pervasive and compelling evidence.,,
Outspokenness,Outspokenness,conversation_observable,True,low,"Measures the degree of outspokenness demonstrated in the conversation, based on observable language, tone, and behavioral descriptions.",Very low / no evidence of outspokenness.,Slight evidence of outspokenness; brief or weak signals.,Moderate outspokenness; clear but not dominant evidence.,Strong outspokenness; multiple clear indicators.,Very strong outspokenness; pervasive and compelling evidence.,,
Sleep-environment temperature,Sleep-environment Temperature,conversation_observable,True,low,"Measures the degree of sleep-environment temperature demonstrated in the conversation, based on observable language, tone, and behavioral descriptions.",Very low / no evidence of sleep-environment temperature.,Slight evidence of sleep-environment temperature; brief or weak signals.,Moderate sleep-environment temperature; clear but not dominant evidence.,Strong sleep-environment temperature; multiple clear indicators.,Very strong sleep-environment temperature; pervasive and compelling evidence.,,
Comprehension of spoken information,Comprehension of Spoken Information,conversation_observable,True,low,"Measures the degree of comprehension of spoken information demonstrated in the conversation, based on observable language, tone, and behavioral descriptions.",Very low / no evidence of comprehension of spoken information.,Slight evidence of comprehension of spoken information; brief or weak signals.,Moderate comprehension of spoken information; clear but not dominant evidence.,Strong comprehension of spoken information; multiple clear indicators.,Very strong comprehension of spoken information; pervasive and compelling evidence.,,
Blissfulness,Blissfulness,conversation_observable,True,low,"Measures the degree of blissfulness demonstrated in the conversation, based on observable language, tone, and behavioral descriptions.",Very low / no evidence of blissfulness.,Slight evidence of blissfulness; brief or weak signals.,Moderate blissfulness; clear but not dominant evidence.,Strong blissfulness; multiple clear indicators.,Very strong blissfulness; pervasive and compelling evidence.,,
Sequential Memory Recall,Sequential Memory Recall,conversation_observable,True,low,"Measures the degree of sequential memory recall demonstrated in the conversation, based on observable language, tone, and behavioral descriptions.",Very low / no evidence of sequential memory recall.,Slight evidence of sequential memory recall; brief or weak signals.,Moderate sequential memory recall; clear but not dominant evidence.,Strong sequential memory recall; multiple clear indicators.,Very strong sequential memory recall; pervasive and compelling evidence.,,
Withdrawnness,Withdrawnness,conversation_observable,True,low,"Measures the degree of withdrawnness demonstrated in the conversation, based on observable language, tone, and behavioral descriptions.",No signs of withdrawnness in the conversation.,Minimal/isolated signs of withdrawnness.,Moderate withdrawnness apparent in several statements.,Clear and repeated withdrawnness throughout.,Pervasive withdrawnness dominating the conversation.,,
892. Hindu spiritual metric: Yoga discipline hours / week,Hindu Spiritual Metric: Yoga Discipline Hours / Week,external_evidence,False,medium,Not directly scoreable from conversation (external_evidence).,,,,,,Quantitative spiritual/religious metric requires external data.,numbered_prefix
Conservatism,Conservatism,conversation_observable,True,low,"Measures the degree of conservatism demonstrated in the conversation, based on observable language, tone, and behavioral descriptions.",Very low / no evidence of conservatism.,Slight evidence of conservatism; brief or weak signals.,Moderate conservatism; clear but not dominant evidence.,Strong conservatism; multiple clear indicators.,Very strong conservatism; pervasive and compelling evidence.,,
Adaptability and Flexibility Subcomponents:,Adaptability and Flexibility Subcomponents,malformed_header,False,low,Not directly scoreable from conversation (malformed_header).,,,,,,"Entry appears to be a section header, not a scoreable facet.",header_like_entry
898. Hindu spiritual metric: Vrata vows observed / year,Hindu Spiritual Metric: Vrata Vows Observed / Year,external_evidence,False,medium,Not directly scoreable from conversation (external_evidence).,,,,,,Quantitative spiritual/religious metric requires external data.,numbered_prefix
Ardency,Ardency,conversation_observable,True,low,"Measures the degree of ardency demonstrated in the conversation, based on observable language, tone, and behavioral descriptions.",Very low / no evidence of ardency.,Slight evidence of ardency; brief or weak signals.,Moderate ardency; clear but not dominant evidence.,Strong ardency; multiple clear indicators.,Very strong ardency; pervasive and compelling evidence.,,
Aesthetic Appreciation,Aesthetic Appreciation,conversation_observable,True,low,"Measures the degree of aesthetic appreciation demonstrated in the conversation, based on observable language, tone, and behavioral descriptions.",Very low / no evidence of aesthetic appreciation.,Slight evidence of aesthetic appreciation; brief or weak signals.,Moderate aesthetic appreciation; clear but not dominant evidence.,Strong aesthetic appreciation; multiple clear indicators.,Very strong aesthetic appreciation; pervasive and compelling evidence.,,
Transactional Leadership:,Transactional Leadership,conversation_observable,True,low,"Measures the degree of transactional leadership demonstrated in the conversation, based on observable language, tone, and behavioral descriptions.",Very low / no evidence of transactional leadership.,Slight evidence of transactional leadership; brief or weak signals.,Moderate transactional leadership; clear but not dominant evidence.,Strong transactional leadership; multiple clear indicators.,Very strong transactional leadership; pervasive and compelling evidence.,,trailing_colon
Value orientation: Universalism,Value Orientation: Universalism,conversation_observable,True,low,"Measures the degree of value orientation: universalism demonstrated in the conversation, based on observable language, tone, and behavioral descriptions.",Very low / no evidence of value orientation: universalism.,Slight evidence of value orientation: universalism; brief or weak signals.,Moderate value orientation: universalism; clear but not dominant evidence.,Strong value orientation: universalism; multiple clear indicators.,Very strong value orientation: universalism; pervasive and compelling evidence.,,
Perseverance,Perseverance,conversation_observable,True,low,"Measures the degree of perseverance demonstrated in the conversation, based on observable language, tone, and behavioral descriptions.",Very low / no evidence of perseverance.,Slight evidence of perseverance; brief or weak signals.,Moderate perseverance; clear but not dominant evidence.,Strong perseverance; multiple clear indicators.,Very strong perseverance; pervasive and compelling evidence.,,
Regularity of Self-Reflection,Regularity of Self-reflection,conversation_observable,True,low,"Measures the degree of regularity of self-reflection demonstrated in the conversation, based on observable language, tone, and behavioral descriptions.",Very low / no evidence of regularity of self-reflection.,Slight evidence of regularity of self-reflection; brief or weak signals.,Moderate regularity of self-reflection; clear but not dominant evidence.,Strong regularity of self-reflection; multiple clear indicators.,Very strong regularity of self-reflection; pervasive and compelling evidence.,,
Controlling Reactions,Controlling Reactions,conversation_observable,True,low,"Measures the degree of controlling reactions demonstrated in the conversation, based on observable language, tone, and behavioral descriptions.",Very low / no evidence of controlling reactions.,Slight evidence of controlling reactions; brief or weak signals.,Moderate controlling reactions; clear but not dominant evidence.,Strong controlling reactions; multiple clear indicators.,Very strong controlling reactions; pervasive and compelling evidence.,,
Psychological construct: Cultural Intelligence – Behavioral,Psychological Construct: Cultural Intelligence – Behavioral,ambiguous,False,high,Not directly scoreable from conversation (ambiguous).,,,,,,Standardised psychological measure requires validated instrument.,
Metabolic Rate (Low or High),Metabolic Rate (low or High),medical_health,False,critical,Not directly scoreable from conversation (medical_health).,,,,,,Medical/biological data cannot be inferred from conversation.,
Dietary Habits,Dietary Habits,conversation_observable,True,low,"Measures the degree of dietary habits demonstrated in the conversation, based on observable language, tone, and behavioral descriptions.",Very low / no evidence of dietary habits.,Slight evidence of dietary habits; brief or weak signals.,Moderate dietary habits; clear but not dominant evidence.,Strong dietary habits; multiple clear indicators.,Very strong dietary habits; pervasive and compelling evidence.,,
Significance: Desire to make an impact,Significance: Desire to Make an Impact,conversation_observable,True,low,"Measures the degree of significance: desire to make an impact demonstrated in the conversation, based on observable language, tone, and behavioral descriptions.",Very low / no evidence of significance: desire to make an impact.,Slight evidence of significance: desire to make an impact; brief or weak signals.,Moderate significance: desire to make an impact; clear but not dominant evidence.,Strong significance: desire to make an impact; multiple clear indicators.,Very strong significance: desire to make an impact; pervasive and compelling evidence.,,
Psychological construct: Resilience-Trait score,Psychological Construct: Resilience-trait Score,ambiguous,False,high,Not directly scoreable from conversation (ambiguous).,,,,,,Standardised psychological measure requires validated instrument.,
Boredom Susceptibility,Boredom Susceptibility,conversation_observable,True,low,"Measures the degree of boredom susceptibility demonstrated in the conversation, based on observable language, tone, and behavioral descriptions.",Very low / no evidence of boredom susceptibility.,Slight evidence of boredom susceptibility; brief or weak signals.,Moderate boredom susceptibility; clear but not dominant evidence.,Strong boredom susceptibility; multiple clear indicators.,Very strong boredom susceptibility; pervasive and compelling evidence.,,
Psychological construct: Consummatory Pleasure scale,Psychological Construct: Consummatory Pleasure Scale,ambiguous,False,high,Not directly scoreable from conversation (ambiguous).,,,,,,Standardised psychological measure requires validated instrument.,
Leadership Styles and Behaviors:,Leadership Styles and Behaviors,malformed_header,False,low,Not directly scoreable from conversation (malformed_header).,,,,,,"Entry appears to be a section header, not a scoreable facet.",header_like_entry
723. I Ching hexagram 5 resonance level,I Ching Hexagram 5 Resonance Level,external_evidence,False,medium,Not directly scoreable from conversation (external_evidence).,,,,,,Esoteric/spiritual metric requires external measurement.,numbered_prefix
Macronutrient ratio: carbs,Macronutrient Ratio: Carbs,medical_health,False,critical,Not directly scoreable from conversation (medical_health).,,,,,,Medical/biological data cannot be inferred from conversation.,
Passport-stamps count,Passport-stamps Count,external_evidence,False,medium,Not directly scoreable from conversation (external_evidence).,,,,,,Quantitative metric requires external measurement data.,
Local-food sourcing %,Local-food Sourcing %,conversation_observable,True,low,"Measures the degree of local-food sourcing % demonstrated in the conversation, based on observable language, tone, and behavioral descriptions.",Very low / no evidence of local-food sourcing %.,Slight evidence of local-food sourcing %; brief or weak signals.,Moderate local-food sourcing %; clear but not dominant evidence.,Strong local-food sourcing %; multiple clear indicators.,Very strong local-food sourcing %; pervasive and compelling evidence.,,
Patient care orientation,Patient Care Orientation,conversation_observable,True,low,"Measures the degree of patient care orientation demonstrated in the conversation, based on observable language, tone, and behavioral descriptions.",Very low / no evidence of patient care orientation.,Slight evidence of patient care orientation; brief or weak signals.,Moderate patient care orientation; clear but not dominant evidence.,Strong patient care orientation; multiple clear indicators.,Very strong patient care orientation; pervasive and compelling evidence.,,
Soft-skill training hours,Soft-skill Training Hours,conversation_observable,True,low,"Measures the degree of soft-skill training hours demonstrated in the conversation, based on observable language, tone, and behavioral descriptions.",Very low / no evidence of soft-skill training hours.,Slight evidence of soft-skill training hours; brief or weak signals.,Moderate soft-skill training hours; clear but not dominant evidence.,Strong soft-skill training hours; multiple clear indicators.,Very strong soft-skill training hours; pervasive and compelling evidence.,,
Graffiti appreciation,Graffiti Appreciation,conversation_observable,True,low,"Measures the degree of graffiti appreciation demonstrated in the conversation, based on observable language, tone, and behavioral descriptions.",Very low / no evidence of graffiti appreciation.,Slight evidence of graffiti appreciation; brief or weak signals.,Moderate graffiti appreciation; clear but not dominant evidence.,Strong graffiti appreciation; multiple clear indicators.,Very strong graffiti appreciation; pervasive and compelling evidence.,,
Preference for Home-Cooked vs Restaurant Meals,Preference for Home-cooked vs Restaurant Meals,conversation_observable,True,low,"Measures the degree of preference for home-cooked vs restaurant meals demonstrated in the conversation, based on observable language, tone, and behavioral descriptions.",Very low / no evidence of preference for home-cooked vs restaurant meals.,Slight evidence of preference for home-cooked vs restaurant meals; brief or weak signals.,Moderate preference for home-cooked vs restaurant meals; clear but not dominant evidence.,Strong preference for home-cooked vs restaurant meals; multiple clear indicators.,Very strong preference for home-cooked vs restaurant meals; pervasive and compelling evidence.,,
Immune-response age,Immune-response Age,medical_health,False,critical,Not directly scoreable from conversation (medical_health).,,,,,,Medical/biological data cannot be inferred from conversation.,
Social-cognition variable: Cognitive Empathy,Social-cognition Variable: Cognitive Empathy,ambiguous,False,high,Not directly scoreable from conversation (ambiguous).,,,,,,Standardised psychological measure requires validated instrument.,
Kink-interest diversity,Kink-interest Diversity,conversation_observable,True,high,"Measures the degree of kink-interest diversity demonstrated in the conversation, based on observable language, tone, and behavioral descriptions.",Very low / no evidence of kink-interest diversity.,Slight evidence of kink-interest diversity; brief or weak signals.,Moderate kink-interest diversity; clear but not dominant evidence.,Strong kink-interest diversity; multiple clear indicators.,Very strong kink-interest diversity; pervasive and compelling evidence.,,
Adaptability and Flexibility:,Adaptability and Flexibility,conversation_observable,True,low,"Measures the degree of adaptability and flexibility demonstrated in the conversation, based on observable language, tone, and behavioral descriptions.",Very low / no evidence of adaptability and flexibility.,Slight evidence of adaptability and flexibility; brief or weak signals.,Moderate adaptability and flexibility; clear but not dominant evidence.,Strong adaptability and flexibility; multiple clear indicators.,Very strong adaptability and flexibility; pervasive and compelling evidence.,,trailing_colon
Judging Consequences,Judging Consequences,conversation_observable,True,low,"Measures the degree of judging consequences demonstrated in the conversation, based on observable language, tone, and behavioral descriptions.",Very low / no evidence of judging consequences.,Slight evidence of judging consequences; brief or weak signals.,Moderate judging consequences; clear but not dominant evidence.,Strong judging consequences; multiple clear indicators.,Very strong judging consequences; pervasive and compelling evidence.,,
Harmfulness,Harmfulness,conversation_observable,True,low,"Measures the degree of harmfulness demonstrated in the conversation, based on observable language, tone, and behavioral descriptions.",No signs of harmfulness in the conversation.,Minimal/isolated signs of harmfulness.,Moderate harmfulness apparent in several statements.,Clear and repeated harmfulness throughout.,Pervasive harmfulness dominating the conversation.,,
Affinity,Affinity,conversation_observable,True,low,"Measures the degree of affinity demonstrated in the conversation, based on observable language, tone, and behavioral descriptions.",Very low / no evidence of affinity.,Slight evidence of affinity; brief or weak signals.,Moderate affinity; clear but not dominant evidence.,Strong affinity; multiple clear indicators.,Very strong affinity; pervasive and compelling evidence.,,
Abasement,Abasement,conversation_observable,True,low,"Measures the degree of abasement demonstrated in the conversation, based on observable language, tone, and behavioral descriptions.",Very low / no evidence of abasement.,Slight evidence of abasement; brief or weak signals.,Moderate abasement; clear but not dominant evidence.,Strong abasement; multiple clear indicators.,Very strong abasement; pervasive and compelling evidence.,,
Chronic pain presence,Chronic Pain Presence,medical_health,False,critical,Not directly scoreable from conversation (medical_health).,,,,,,Medical/biological data cannot be inferred from conversation.,
520. Discernment practice hours / week,Discernment Practice Hours / Week,external_evidence,False,medium,Not directly scoreable from conversation (external_evidence).,,,,,,Quantitative spiritual/religious metric requires external data.,numbered_prefix
Initiative,Initiative,conversation_observable,True,low,"Measures the degree of initiative demonstrated in the conversation, based on observable language, tone, and behavioral descriptions.",Very low / no evidence of initiative.,Slight evidence of initiative; brief or weak signals.,Moderate initiative; clear but not dominant evidence.,Strong initiative; multiple clear indicators.,Very strong initiative; pervasive and compelling evidence.,,
Courageousness,Courageousness,conversation_observable,True,low,"Measures the degree of courageousness demonstrated in the conversation, based on observable language, tone, and behavioral descriptions.",Very low / no evidence of courageousness.,Slight evidence of courageousness; brief or weak signals.,Moderate courageousness; clear but not dominant evidence.,Strong courageousness; multiple clear indicators.,Very strong courageousness; pervasive and compelling evidence.,,
Joyfulness,Joyfulness,conversation_observable,True,low,"Measures the degree of joyfulness demonstrated in the conversation, based on observable language, tone, and behavioral descriptions.",Very low / no evidence of joyfulness.,Slight evidence of joyfulness; brief or weak signals.,Moderate joyfulness; clear but not dominant evidence.,Strong joyfulness; multiple clear indicators.,Very strong joyfulness; pervasive and compelling evidence.,,
Suspicion,Suspicion,conversation_observable,True,low,"Measures the degree of suspicion demonstrated in the conversation, based on observable language, tone, and behavioral descriptions.",No signs of suspicion in the conversation.,Minimal/isolated signs of suspicion.,Moderate suspicion apparent in several statements.,Clear and repeated suspicion throughout.,Pervasive suspicion dominating the conversation.,,
Basophil count,Basophil Count,medical_health,False,critical,Not directly scoreable from conversation (medical_health).,,,,,,Medical/biological data cannot be inferred from conversation.,
Attachment avoidance score,Attachment Avoidance Score,conversation_observable,True,low,"Measures the degree of attachment avoidance score demonstrated in the conversation, based on observable language, tone, and behavioral descriptions.",Very low / no evidence of attachment avoidance score.,Slight evidence of attachment avoidance score; brief or weak signals.,Moderate attachment avoidance score; clear but not dominant evidence.,Strong attachment avoidance score; multiple clear indicators.,Very strong attachment avoidance score; pervasive and compelling evidence.,,
Time Orientation End Points:,Time Orientation End Points,malformed_header,False,low,Not directly scoreable from conversation (malformed_header).,,,,,,"Entry appears to be a section header, not a scoreable facet.",header_like_entry
Brazenness,Brazenness,conversation_observable,True,low,"Measures the degree of brazenness demonstrated in the conversation, based on observable language, tone, and behavioral descriptions.",Very low / no evidence of brazenness.,Slight evidence of brazenness; brief or weak signals.,Moderate brazenness; clear but not dominant evidence.,Strong brazenness; multiple clear indicators.,Very strong brazenness; pervasive and compelling evidence.,,
Talkativeness,Talkativeness,conversation_observable,True,low,"Measures the degree of talkativeness demonstrated in the conversation, based on observable language, tone, and behavioral descriptions.",Very low / no evidence of talkativeness.,Slight evidence of talkativeness; brief or weak signals.,Moderate talkativeness; clear but not dominant evidence.,Strong talkativeness; multiple clear indicators.,Very strong talkativeness; pervasive and compelling evidence.,,
Equitableness,Equitableness,conversation_observable,True,low,"Measures the degree of equitableness demonstrated in the conversation, based on observable language, tone, and behavioral descriptions.",Very low / no evidence of equitableness.,Slight evidence of equitableness; brief or weak signals.,Moderate equitableness; clear but not dominant evidence.,Strong equitableness; multiple clear indicators.,Very strong equitableness; pervasive and compelling evidence.,,
Ideas generated/day,Ideas Generated/day,external_evidence,False,medium,Not directly scoreable from conversation (external_evidence).,,,,,,Quantitative metric requires external measurement data.,
Originality,Originality,conversation_observable,True,low,"Measures the degree of originality demonstrated in the conversation, based on observable language, tone, and behavioral descriptions.",Very low / no evidence of originality.,Slight evidence of originality; brief or weak signals.,Moderate originality; clear but not dominant evidence.,Strong originality; multiple clear indicators.,Very strong originality; pervasive and compelling evidence.,,
Fearfulness: Fear of physical dangers,Fearfulness: Fear of Physical Dangers,conversation_observable,True,low,"Measures the degree of fearfulness: fear of physical dangers demonstrated in the conversation, based on observable language, tone, and behavioral descriptions.",Very low / no evidence of fearfulness: fear of physical dangers.,Slight evidence of fearfulness: fear of physical dangers; brief or weak signals.,Moderate fearfulness: fear of physical dangers; clear but not dominant evidence.,Strong fearfulness: fear of physical dangers; multiple clear indicators.,Very strong fearfulness: fear of physical dangers; pervasive and compelling evidence.,,
Dance rehearsal hours/week,Dance Rehearsal Hours/week,external_evidence,False,medium,Not directly scoreable from conversation (external_evidence).,,,,,,Quantitative metric requires external measurement data.,
561. Practice frequency: Mantra meditation,Practice Frequency: Mantra Meditation,external_evidence,False,medium,Not directly scoreable from conversation (external_evidence).,,,,,,Quantitative spiritual/religious metric requires external data.,numbered_prefix
Public-transport km/week,Public-transport Km/week,external_evidence,False,medium,Not directly scoreable from conversation (external_evidence).,,,,,,Quantitative metric requires external measurement data.,
Social Desirability Bias,Social Desirability Bias,conversation_observable,True,low,"Measures the degree of social desirability bias demonstrated in the conversation, based on observable language, tone, and behavioral descriptions.",Very low / no evidence of social desirability bias.,Slight evidence of social desirability bias; brief or weak signals.,Moderate social desirability bias; clear but not dominant evidence.,Strong social desirability bias; multiple clear indicators.,Very strong social desirability bias; pervasive and compelling evidence.,,
761. I Ching hexagram 43 resonance level,I Ching Hexagram 43 Resonance Level,external_evidence,False,medium,Not directly scoreable from conversation (external_evidence).,,,,,,Esoteric/spiritual metric requires external measurement.,numbered_prefix
Disagreeableness,Disagreeableness,conversation_observable,True,low,"Measures the degree of disagreeableness demonstrated in the conversation, based on observable language, tone, and behavioral descriptions.",No signs of disagreeableness in the conversation.,Minimal/isolated signs of disagreeableness.,Moderate disagreeableness apparent in several statements.,Clear and repeated disagreeableness throughout.,Pervasive disagreeableness dominating the conversation.,,
Participation in Community Activities,Participation in Community Activities,conversation_observable,True,low,"Measures the degree of participation in community activities demonstrated in the conversation, based on observable language, tone, and behavioral descriptions.",Very low / no evidence of participation in community activities.,Slight evidence of participation in community activities; brief or weak signals.,Moderate participation in community activities; clear but not dominant evidence.,Strong participation in community activities; multiple clear indicators.,Very strong participation in community activities; pervasive and compelling evidence.,,
Impudence,Impudence,conversation_observable,True,low,"Measures the degree of impudence demonstrated in the conversation, based on observable language, tone, and behavioral descriptions.",No signs of impudence in the conversation.,Minimal/isolated signs of impudence.,Moderate impudence apparent in several statements.,Clear and repeated impudence throughout.,Pervasive impudence dominating the conversation.,,
Analogies,Analogies,conversation_observable,True,low,"Measures the degree of analogies demonstrated in the conversation, based on observable language, tone, and behavioral descriptions.",Very low / no evidence of analogies.,Slight evidence of analogies; brief or weak signals.,Moderate analogies; clear but not dominant evidence.,Strong analogies; multiple clear indicators.,Very strong analogies; pervasive and compelling evidence.,,
Clumsiness,Clumsiness,conversation_observable,True,low,"Measures the degree of clumsiness demonstrated in the conversation, based on observable language, tone, and behavioral descriptions.",No signs of clumsiness in the conversation.,Minimal/isolated signs of clumsiness.,Moderate clumsiness apparent in several statements.,Clear and repeated clumsiness throughout.,Pervasive clumsiness dominating the conversation.,,
Tendency Toward Compromise or Confrontation,Tendency Toward Compromise or Confrontation,conversation_observable,True,low,"Measures the degree of tendency toward compromise or confrontation demonstrated in the conversation, based on observable language, tone, and behavioral descriptions.",Very low / no evidence of tendency toward compromise or confrontation.,Slight evidence of tendency toward compromise or confrontation; brief or weak signals.,Moderate tendency toward compromise or confrontation; clear but not dominant evidence.,Strong tendency toward compromise or confrontation; multiple clear indicators.,Very strong tendency toward compromise or confrontation; pervasive and compelling evidence.,,
737. I Ching hexagram 19 resonance level,I Ching Hexagram 19 Resonance Level,external_evidence,False,medium,Not directly scoreable from conversation (external_evidence).,,,,,,Esoteric/spiritual metric requires external measurement.,numbered_prefix
Robotics-interaction frequency,Robotics-interaction Frequency,conversation_observable,True,low,"Measures the degree of robotics-interaction frequency demonstrated in the conversation, based on observable language, tone, and behavioral descriptions.",Very low / no evidence of robotics-interaction frequency.,Slight evidence of robotics-interaction frequency; brief or weak signals.,Moderate robotics-interaction frequency; clear but not dominant evidence.,Strong robotics-interaction frequency; multiple clear indicators.,Very strong robotics-interaction frequency; pervasive and compelling evidence.,,
Casual lifestyle,Casual Lifestyle,conversation_observable,True,low,"Measures the degree of casual lifestyle demonstrated in the conversation, based on observable language, tone, and behavioral descriptions.",Very low / no evidence of casual lifestyle.,Slight evidence of casual lifestyle; brief or weak signals.,Moderate casual lifestyle; clear but not dominant evidence.,Strong casual lifestyle; multiple clear indicators.,Very strong casual lifestyle; pervasive and compelling evidence.,,
Collectedness,Collectedness,conversation_observable,True,low,"Measures the degree of collectedness demonstrated in the conversation, based on observable language, tone, and behavioral descriptions.",Very low / no evidence of collectedness.,Slight evidence of collectedness; brief or weak signals.,Moderate collectedness; clear but not dominant evidence.,Strong collectedness; multiple clear indicators.,Very strong collectedness; pervasive and compelling evidence.,,
Reliance on context,Reliance on Context,conversation_observable,True,low,"Measures the degree of reliance on context demonstrated in the conversation, based on observable language, tone, and behavioral descriptions.",Very low / no evidence of reliance on context.,Slight evidence of reliance on context; brief or weak signals.,Moderate reliance on context; clear but not dominant evidence.,Strong reliance on context; multiple clear indicators.,Very strong reliance on context; pervasive and compelling evidence.,,
Delegation skills,Delegation Skills,conversation_observable,True,low,"Measures the degree of delegation skills demonstrated in the conversation, based on observable language, tone, and behavioral descriptions.",Very low / no evidence of delegation skills.,Slight evidence of delegation skills; brief or weak signals.,Moderate delegation skills; clear but not dominant evidence.,Strong delegation skills; multiple clear indicators.,Very strong delegation skills; pervasive and compelling evidence.,,
767. I Ching hexagram 49 resonance level,I Ching Hexagram 49 Resonance Level,external_evidence,False,medium,Not directly scoreable from conversation (external_evidence).,,,,,,Esoteric/spiritual metric requires external measurement.,numbered_prefix
Managing emotions,Managing Emotions,conversation_observable,True,low,"Measures the degree of managing emotions demonstrated in the conversation, based on observable language, tone, and behavioral descriptions.",Very low / no evidence of managing emotions.,Slight evidence of managing emotions; brief or weak signals.,Moderate managing emotions; clear but not dominant evidence.,Strong managing emotions; multiple clear indicators.,Very strong managing emotions; pervasive and compelling evidence.,,
Scripture memorization verses,Scripture Memorization Verses,external_evidence,False,medium,Not directly scoreable from conversation (external_evidence).,,,,,,Quantitative metric requires external measurement data.,
Conventional,Conventional,conversation_observable,True,low,"Measures the degree of conventional demonstrated in the conversation, based on observable language, tone, and behavioral descriptions.",Very low / no evidence of conventional.,Slight evidence of conventional; brief or weak signals.,Moderate conventional; clear but not dominant evidence.,Strong conventional; multiple clear indicators.,Very strong conventional; pervasive and compelling evidence.,,
890. Hindu spiritual metric: Bhagavad-Gita study hours,Hindu Spiritual Metric: Bhagavad-gita Study Hours,external_evidence,False,medium,Not directly scoreable from conversation (external_evidence).,,,,,,Quantitative spiritual/religious metric requires external data.,numbered_prefix
Open-source contributions,Open-source Contributions,conversation_observable,True,low,"Measures the degree of open-source contributions demonstrated in the conversation, based on observable language, tone, and behavioral descriptions.",Very low / no evidence of open-source contributions.,Slight evidence of open-source contributions; brief or weak signals.,Moderate open-source contributions; clear but not dominant evidence.,Strong open-source contributions; multiple clear indicators.,Very strong open-source contributions; pervasive and compelling evidence.,,
Psychological construct: Social Conformity tendency,Psychological Construct: Social Conformity Tendency,ambiguous,False,high,Not directly scoreable from conversation (ambiguous).,,,,,,Standardised psychological measure requires validated instrument.,
Individuality,Individuality,conversation_observable,True,low,"Measures the degree of individuality demonstrated in the conversation, based on observable language, tone, and behavioral descriptions.",Very low / no evidence of individuality.,Slight evidence of individuality; brief or weak signals.,Moderate individuality; clear but not dominant evidence.,Strong individuality; multiple clear indicators.,Very strong individuality; pervasive and compelling evidence.,,
740. I Ching hexagram 22 resonance level,I Ching Hexagram 22 Resonance Level,external_evidence,False,medium,Not directly scoreable from conversation (external_evidence).,,,,,,Esoteric/spiritual metric requires external measurement.,numbered_prefix
Attachment style: Secure,Attachment Style: Secure,biographical,False,high,Not directly scoreable from conversation (biographical).,,,,,,Biographical fact requires external information.,
Intelligence Quotient (IQ),Intelligence Quotient (IQ),biographical,False,high,Not directly scoreable from conversation (biographical).,,,,,,Biographical fact requires external information.,
Blog-subscriber count,Blog-subscriber Count,external_evidence,False,medium,Not directly scoreable from conversation (external_evidence).,,,,,,Quantitative metric requires external measurement data.,
Non-Verbal Communication Skills,Non-verbal Communication Skills,conversation_observable,True,low,"Measures the degree of non-verbal communication skills demonstrated in the conversation, based on observable language, tone, and behavioral descriptions.",Very low / no evidence of non-verbal communication skills.,Slight evidence of non-verbal communication skills; brief or weak signals.,Moderate non-verbal communication skills; clear but not dominant evidence.,Strong non-verbal communication skills; multiple clear indicators.,Very strong non-verbal communication skills; pervasive and compelling evidence.,,
Drug-use history,Drug-use History,medical_health,False,critical,Not directly scoreable from conversation (medical_health).,,,,,,Medical/biological data cannot be inferred from conversation.,
Commute time/day,Commute Time/day,external_evidence,False,medium,Not directly scoreable from conversation (external_evidence).,,,,,,Quantitative metric requires external measurement data.,
Decision-making speed,Decision-making Speed,conversation_observable,True,low,"Measures the degree of decision-making speed demonstrated in the conversation, based on observable language, tone, and behavioral descriptions.",Very low / no evidence of decision-making speed.,Slight evidence of decision-making speed; brief or weak signals.,Moderate decision-making speed; clear but not dominant evidence.,Strong decision-making speed; multiple clear indicators.,Very strong decision-making speed; pervasive and compelling evidence.,,
Psychological construct: Excuse-Making tendency,Psychological Construct: Excuse-making Tendency,ambiguous,False,high,Not directly scoreable from conversation (ambiguous).,,,,,,Standardised psychological measure requires validated instrument.,
Peer-to-peer lending usage,Peer-to-peer Lending Usage,conversation_observable,True,low,"Measures the degree of peer-to-peer lending usage demonstrated in the conversation, based on observable language, tone, and behavioral descriptions.",Very low / no evidence of peer-to-peer lending usage.,Slight evidence of peer-to-peer lending usage; brief or weak signals.,Moderate peer-to-peer lending usage; clear but not dominant evidence.,Strong peer-to-peer lending usage; multiple clear indicators.,Very strong peer-to-peer lending usage; pervasive and compelling evidence.,,
Psychological construct: Eye-Contact avoidance score,Psychological Construct: Eye-contact Avoidance Score,ambiguous,False,high,Not directly scoreable from conversation (ambiguous).,,,,,,Standardised psychological measure requires validated instrument.,
Social-cognition variable: Faux Pas Recognition accuracy,Social-cognition Variable: Faux Pas Recognition Accuracy,ambiguous,False,high,Not directly scoreable from conversation (ambiguous).,,,,,,Standardised psychological measure requires validated instrument.,
Conscientiousness (C):,Conscientiousness (C),conversation_observable,True,low,"Measures the degree of conscientiousness (c) demonstrated in the conversation, based on observable language, tone, and behavioral descriptions.",Very low / no evidence of conscientiousness (c).,Slight evidence of conscientiousness (c); brief or weak signals.,Moderate conscientiousness (c); clear but not dominant evidence.,Strong conscientiousness (c); multiple clear indicators.,Very strong conscientiousness (c); pervasive and compelling evidence.,,trailing_colon
Use of Nature as a Stress Reliever,Use of Nature As a Stress Reliever,conversation_observable,True,low,"Measures the degree of use of nature as a stress reliever demonstrated in the conversation, based on observable language, tone, and behavioral descriptions.",Very low / no evidence of use of nature as a stress reliever.,Slight evidence of use of nature as a stress reliever; brief or weak signals.,Moderate use of nature as a stress reliever; clear but not dominant evidence.,Strong use of nature as a stress reliever; multiple clear indicators.,Very strong use of nature as a stress reliever; pervasive and compelling evidence.,,
Attitude toward learning,Attitude Toward Learning,conversation_observable,True,low,"Measures the degree of attitude toward learning demonstrated in the conversation, based on observable language, tone, and behavioral descriptions.",Very low / no evidence of attitude toward learning.,Slight evidence of attitude toward learning; brief or weak signals.,Moderate attitude toward learning; clear but not dominant evidence.,Strong attitude toward learning; multiple clear indicators.,Very strong attitude toward learning; pervasive and compelling evidence.,,
Conscientiousness Facets:,Conscientiousness Facets,malformed_header,False,low,Not directly scoreable from conversation (malformed_header).,,,,,,"Entry appears to be a section header, not a scoreable facet.",header_like_entry
Honesty-humility trait score,Honesty-humility Trait Score,conversation_observable,True,low,"Measures the degree of honesty-humility trait score demonstrated in the conversation, based on observable language, tone, and behavioral descriptions.",Very low / no evidence of honesty-humility trait score.,Slight evidence of honesty-humility trait score; brief or weak signals.,Moderate honesty-humility trait score; clear but not dominant evidence.,Strong honesty-humility trait score; multiple clear indicators.,Very strong honesty-humility trait score; pervasive and compelling evidence.,,
Digital-nomad months,Digital-nomad Months,conversation_observable,True,low,"Measures the degree of digital-nomad months demonstrated in the conversation, based on observable language, tone, and behavioral descriptions.",Very low / no evidence of digital-nomad months.,Slight evidence of digital-nomad months; brief or weak signals.,Moderate digital-nomad months; clear but not dominant evidence.,Strong digital-nomad months; multiple clear indicators.,Very strong digital-nomad months; pervasive and compelling evidence.,,
516. Religious coping – Negative,Religious Coping – Negative,external_evidence,False,medium,Not directly scoreable from conversation (external_evidence).,,,,,,Quantitative spiritual/religious metric requires external data.,numbered_prefix
Snacking Behavior,Snacking Behavior,conversation_observable,True,low,"Measures the degree of snacking behavior demonstrated in the conversation, based on observable language, tone, and behavioral descriptions.",Very low / no evidence of snacking behavior.,Slight evidence of snacking behavior; brief or weak signals.,Moderate snacking behavior; clear but not dominant evidence.,Strong snacking behavior; multiple clear indicators.,Very strong snacking behavior; pervasive and compelling evidence.,,
Aura-color perception,Aura-color Perception,external_evidence,False,medium,Not directly scoreable from conversation (external_evidence).,,,,,,Esoteric/spiritual metric requires external measurement.,
638. Sacred text engagement: Zohar (Kabbalah) study hours,Sacred Text Engagement: Zohar (kabbalah) Study Hours,external_evidence,False,medium,Not directly scoreable from conversation (external_evidence).,,,,,,Quantitative spiritual/religious metric requires external data.,numbered_prefix
Motivational Drivers:,Motivational Drivers,malformed_header,False,low,Not directly scoreable from conversation (malformed_header).,,,,,,"Entry appears to be a section header, not a scoreable facet.",header_like_entry
Cloud-backup frequency,Cloud-backup Frequency,conversation_observable,True,low,"Measures the degree of cloud-backup frequency demonstrated in the conversation, based on observable language, tone, and behavioral descriptions.",Very low / no evidence of cloud-backup frequency.,Slight evidence of cloud-backup frequency; brief or weak signals.,Moderate cloud-backup frequency; clear but not dominant evidence.,Strong cloud-backup frequency; multiple clear indicators.,Very strong cloud-backup frequency; pervasive and compelling evidence.,,
Learning Style,Learning Style,biographical,False,high,Not directly scoreable from conversation (biographical).,,,,,,Biographical fact requires external information.,
872. Islamic practice: Seerah study hours,Islamic Practice: Seerah Study Hours,external_evidence,False,medium,Not directly scoreable from conversation (external_evidence).,,,,,,Quantitative spiritual/religious metric requires external data.,numbered_prefix
Safety compliance,Safety Compliance,conversation_observable,True,low,"Measures the degree of safety compliance demonstrated in the conversation, based on observable language, tone, and behavioral descriptions.",Very low / no evidence of safety compliance.,Slight evidence of safety compliance; brief or weak signals.,Moderate safety compliance; clear but not dominant evidence.,Strong safety compliance; multiple clear indicators.,Very strong safety compliance; pervasive and compelling evidence.,,
Sensationalism,Sensationalism,conversation_observable,True,low,"Measures the degree of sensationalism demonstrated in the conversation, based on observable language, tone, and behavioral descriptions.",Very low / no evidence of sensationalism.,Slight evidence of sensationalism; brief or weak signals.,Moderate sensationalism; clear but not dominant evidence.,Strong sensationalism; multiple clear indicators.,Very strong sensationalism; pervasive and compelling evidence.,,
Nationality,Nationality,biographical,False,high,Not directly scoreable from conversation (biographical).,,,,,,Biographical fact requires external information.,
Drollness,Drollness,conversation_observable,True,low,"Measures the degree of drollness demonstrated in the conversation, based on observable language, tone, and behavioral descriptions.",Very low / no evidence of drollness.,Slight evidence of drollness; brief or weak signals.,Moderate drollness; clear but not dominant evidence.,Strong drollness; multiple clear indicators.,Very strong drollness; pervasive and compelling evidence.,,
Cooperation,Cooperation,conversation_observable,True,low,"Measures the degree of cooperation demonstrated in the conversation, based on observable language, tone, and behavioral descriptions.",Very low / no evidence of cooperation.,Slight evidence of cooperation; brief or weak signals.,Moderate cooperation; clear but not dominant evidence.,Strong cooperation; multiple clear indicators.,Very strong cooperation; pervasive and compelling evidence.,,
Breakfast-skipping frequency,Breakfast-skipping Frequency,conversation_observable,True,low,"Measures the degree of breakfast-skipping frequency demonstrated in the conversation, based on observable language, tone, and behavioral descriptions.",Very low / no evidence of breakfast-skipping frequency.,Slight evidence of breakfast-skipping frequency; brief or weak signals.,Moderate breakfast-skipping frequency; clear but not dominant evidence.,Strong breakfast-skipping frequency; multiple clear indicators.,Very strong breakfast-skipping frequency; pervasive and compelling evidence.,,
922. Sikh spiritual metric: Kirtan participation frequency,Sikh Spiritual Metric: Kirtan Participation Frequency,external_evidence,False,medium,Not directly scoreable from conversation (external_evidence).,,,,,,Quantitative spiritual/religious metric requires external data.,numbered_prefix
Impulsivity,Impulsivity,conversation_observable,True,low,"Measures the degree of impulsivity demonstrated in the conversation, based on observable language, tone, and behavioral descriptions.",Very low / no evidence of impulsivity.,Slight evidence of impulsivity; brief or weak signals.,Moderate impulsivity; clear but not dominant evidence.,Strong impulsivity; multiple clear indicators.,Very strong impulsivity; pervasive and compelling evidence.,,
Museum visits/year,Museum Visits/year,external_evidence,False,medium,Not directly scoreable from conversation (external_evidence).,,,,,,Quantitative metric requires external measurement data.,
Choir participation years,Choir Participation Years,conversation_observable,True,low,"Measures the degree of choir participation years demonstrated in the conversation, based on observable language, tone, and behavioral descriptions.",Very low / no evidence of choir participation years.,Slight evidence of choir participation years; brief or weak signals.,Moderate choir participation years; clear but not dominant evidence.,Strong choir participation years; multiple clear indicators.,Very strong choir participation years; pervasive and compelling evidence.,,
Delegation Ability,Delegation Ability,conversation_observable,True,low,"Measures the degree of delegation ability demonstrated in the conversation, based on observable language, tone, and behavioral descriptions.",Very low / no evidence of delegation ability.,Slight evidence of delegation ability; brief or weak signals.,Moderate delegation ability; clear but not dominant evidence.,Strong delegation ability; multiple clear indicators.,Very strong delegation ability; pervasive and compelling evidence.,,
788. Kabbalah sephira balance: Tiferet,Kabbalah Sephira Balance: Tiferet,external_evidence,False,medium,Not directly scoreable from conversation (external_evidence).,,,,,,Quantitative spiritual/religious metric requires external data.,numbered_prefix
Desire to influence others,Desire to Influence Others,conversation_observable,True,low,"Measures the degree of desire to influence others demonstrated in the conversation, based on observable language, tone, and behavioral descriptions.",Very low / no evidence of desire to influence others.,Slight evidence of desire to influence others; brief or weak signals.,Moderate desire to influence others; clear but not dominant evidence.,Strong desire to influence others; multiple clear indicators.,Very strong desire to influence others; pervasive and compelling evidence.,,
Vivacity,Vivacity,conversation_observable,True,low,"Measures the degree of vivacity demonstrated in the conversation, based on observable language, tone, and behavioral descriptions.",Very low / no evidence of vivacity.,Slight evidence of vivacity; brief or weak signals.,Moderate vivacity; clear but not dominant evidence.,Strong vivacity; multiple clear indicators.,Very strong vivacity; pervasive and compelling evidence.,,
Genialness,Genialness,conversation_observable,True,low,"Measures the degree of genialness demonstrated in the conversation, based on observable language, tone, and behavioral descriptions.",Very low / no evidence of genialness.,Slight evidence of genialness; brief or weak signals.,Moderate genialness; clear but not dominant evidence.,Strong genialness; multiple clear indicators.,Very strong genialness; pervasive and compelling evidence.,,
Cognitive measure: Working Memory Index,Cognitive Measure: Working Memory Index,conversation_observable,True,low,"Measures the degree of cognitive measure: working memory index demonstrated in the conversation, based on observable language, tone, and behavioral descriptions.",Very low / no evidence of cognitive measure: working memory index.,Slight evidence of cognitive measure: working memory index; brief or weak signals.,Moderate cognitive measure: working memory index; clear but not dominant evidence.,Strong cognitive measure: working memory index; multiple clear indicators.,Very strong cognitive measure: working memory index; pervasive and compelling evidence.,,
Ethical practices,Ethical Practices,conversation_observable,True,low,"Measures the degree of ethical practices demonstrated in the conversation, based on observable language, tone, and behavioral descriptions.",Very low / no evidence of ethical practices.,Slight evidence of ethical practices; brief or weak signals.,Moderate ethical practices; clear but not dominant evidence.,Strong ethical practices; multiple clear indicators.,Very strong ethical practices; pervasive and compelling evidence.,,
945. New-Age spiritual metric: Channeling sessions / year,New-age Spiritual Metric: Channeling Sessions / Year,external_evidence,False,medium,Not directly scoreable from conversation (external_evidence).,,,,,,Quantitative spiritual/religious metric requires external data.,numbered_prefix
Civility,Civility,conversation_observable,True,low,"Measures the degree of civility demonstrated in the conversation, based on observable language, tone, and behavioral descriptions.",Very low / no evidence of civility.,Slight evidence of civility; brief or weak signals.,Moderate civility; clear but not dominant evidence.,Strong civility; multiple clear indicators.,Very strong civility; pervasive and compelling evidence.,,
Sleep Apnea,Sleep Apnea,medical_health,False,critical,Not directly scoreable from conversation (medical_health).,,,,,,Medical/biological data cannot be inferred from conversation.,
Classiness,Classiness,conversation_observable,True,low,"Measures the degree of classiness demonstrated in the conversation, based on observable language, tone, and behavioral descriptions.",Very low / no evidence of classiness.,Slight evidence of classiness; brief or weak signals.,Moderate classiness; clear but not dominant evidence.,Strong classiness; multiple clear indicators.,Very strong classiness; pervasive and compelling evidence.,,
Control over situations,Control Over Situations,conversation_observable,True,low,"Measures the degree of control over situations demonstrated in the conversation, based on observable language, tone, and behavioral descriptions.",Very low / no evidence of control over situations.,Slight evidence of control over situations; brief or weak signals.,Moderate control over situations; clear but not dominant evidence.,Strong control over situations; multiple clear indicators.,Very strong control over situations; pervasive and compelling evidence.,,
Time outdoors/day (h),Time Outdoors/day (h),external_evidence,False,medium,Not directly scoreable from conversation (external_evidence).,,,,,,Quantitative metric requires external measurement data.,
Effeteness,Effeteness,conversation_observable,True,low,"Measures the degree of effeteness demonstrated in the conversation, based on observable language, tone, and behavioral descriptions.",Very low / no evidence of effeteness.,Slight evidence of effeteness; brief or weak signals.,Moderate effeteness; clear but not dominant evidence.,Strong effeteness; multiple clear indicators.,Very strong effeteness; pervasive and compelling evidence.,,
Polygenic risk: cardiovascular disease,Polygenic Risk: Cardiovascular Disease,medical_health,False,critical,Not directly scoreable from conversation (medical_health).,,,,,,Medical/biological data cannot be inferred from conversation.,
Psychological construct: Identity Diffusion level,Psychological Construct: Identity Diffusion Level,ambiguous,False,high,Not directly scoreable from conversation (ambiguous).,,,,,,Standardised psychological measure requires validated instrument.,
Learning through movement,Learning Through Movement,conversation_observable,True,low,"Measures the degree of learning through movement demonstrated in the conversation, based on observable language, tone, and behavioral descriptions.",Very low / no evidence of learning through movement.,Slight evidence of learning through movement; brief or weak signals.,Moderate learning through movement; clear but not dominant evidence.,Strong learning through movement; multiple clear indicators.,Very strong learning through movement; pervasive and compelling evidence.,,
Caffeine sensitivity gene,Caffeine Sensitivity Gene,medical_health,False,critical,Not directly scoreable from conversation (medical_health).,,,,,,Medical/biological data cannot be inferred from conversation.,
Hatefulness,Hatefulness,conversation_observable,True,low,"Measures the degree of hatefulness demonstrated in the conversation, based on observable language, tone, and behavioral descriptions.",No signs of hatefulness in the conversation.,Minimal/isolated signs of hatefulness.,Moderate hatefulness apparent in several statements.,Clear and repeated hatefulness throughout.,Pervasive hatefulness dominating the conversation.,,
Persistence:,Persistence,conversation_observable,True,low,"Measures the degree of persistence demonstrated in the conversation, based on observable language, tone, and behavioral descriptions.",Very low / no evidence of persistence.,Slight evidence of persistence; brief or weak signals.,Moderate persistence; clear but not dominant evidence.,Strong persistence; multiple clear indicators.,Very strong persistence; pervasive and compelling evidence.,,trailing_colon
Psychological construct: Perfectionistic Strivings,Psychological Construct: Perfectionistic Strivings,ambiguous,False,high,Not directly scoreable from conversation (ambiguous).,,,,,,Standardised psychological measure requires validated instrument.,
Wake-time consistency,Wake-time Consistency,conversation_observable,True,low,"Measures the degree of wake-time consistency demonstrated in the conversation, based on observable language, tone, and behavioral descriptions.",Very low / no evidence of wake-time consistency.,Slight evidence of wake-time consistency; brief or weak signals.,Moderate wake-time consistency; clear but not dominant evidence.,Strong wake-time consistency; multiple clear indicators.,Very strong wake-time consistency; pervasive and compelling evidence.,,
Numerical Reasoning:,Numerical Reasoning,conversation_observable,True,low,"Measures the degree of numerical reasoning demonstrated in the conversation, based on observable language, tone, and behavioral descriptions.",Very low / no evidence of numerical reasoning.,Slight evidence of numerical reasoning; brief or weak signals.,Moderate numerical reasoning; clear but not dominant evidence.,Strong numerical reasoning; multiple clear indicators.,Very strong numerical reasoning; pervasive and compelling evidence.,,trailing_colon
Social-cognition variable: Mentalizing network activation,Social-cognition Variable: Mentalizing Network Activation,ambiguous,False,high,Not directly scoreable from conversation (ambiguous).,,,,,,Standardised psychological measure requires validated instrument.,
Patriotism,Patriotism,conversation_observable,True,low,"Measures the degree of patriotism demonstrated in the conversation, based on observable language, tone, and behavioral descriptions.",Very low / no evidence of patriotism.,Slight evidence of patriotism; brief or weak signals.,Moderate patriotism; clear but not dominant evidence.,Strong patriotism; multiple clear indicators.,Very strong patriotism; pervasive and compelling evidence.,,
Leadership Styles:,Leadership Styles,malformed_header,False,low,Not directly scoreable from conversation (malformed_header).,,,,,,"Entry appears to be a section header, not a scoreable facet.",header_like_entry
Servility,Servility,conversation_observable,True,low,"Measures the degree of servility demonstrated in the conversation, based on observable language, tone, and behavioral descriptions.",No signs of servility in the conversation.,Minimal/isolated signs of servility.,Moderate servility apparent in several statements.,Clear and repeated servility throughout.,Pervasive servility dominating the conversation.,,
742. I Ching hexagram 24 resonance level,I Ching Hexagram 24 Resonance Level,external_evidence,False,medium,Not directly scoreable from conversation (external_evidence).,,,,,,Esoteric/spiritual metric requires external measurement.,numbered_prefix
Enneagram Personality Types:,Enneagram Personality Types,malformed_header,False,low,Not directly scoreable from conversation (malformed_header).,,,,,,"Entry appears to be a section header, not a scoreable facet.",header_like_entry
Stress Recovery Ability,Stress Recovery Ability,conversation_observable,True,low,"Measures the degree of stress recovery ability demonstrated in the conversation, based on observable language, tone, and behavioral descriptions.",Very low / no evidence of stress recovery ability.,Slight evidence of stress recovery ability; brief or weak signals.,Moderate stress recovery ability; clear but not dominant evidence.,Strong stress recovery ability; multiple clear indicators.,Very strong stress recovery ability; pervasive and compelling evidence.,,
Troubleshooting technical issues,Troubleshooting Technical Issues,conversation_observable,True,low,"Measures the degree of troubleshooting technical issues demonstrated in the conversation, based on observable language, tone, and behavioral descriptions.",Very low / no evidence of troubleshooting technical issues.,Slight evidence of troubleshooting technical issues; brief or weak signals.,Moderate troubleshooting technical issues; clear but not dominant evidence.,Strong troubleshooting technical issues; multiple clear indicators.,Very strong troubleshooting technical issues; pervasive and compelling evidence.,,
Defense-mechanism tendency: Introjection,Defense-mechanism Tendency: Introjection,ambiguous,False,medium,Not directly scoreable from conversation (ambiguous).,,,,,,Composite psychological measure; partial signals may appear in conversation but safe scoring requires validated tools.,
Irritability,Irritability,conversation_observable,True,low,"Measures the degree of irritability demonstrated in the conversation, based on observable language, tone, and behavioral descriptions.",No signs of irritability in the conversation.,Minimal/isolated signs of irritability.,Moderate irritability apparent in several statements.,Clear and repeated irritability throughout.,Pervasive irritability dominating the conversation.,,
Travel-companions diversity,Travel-companions Diversity,conversation_observable,True,low,"Measures the degree of travel-companions diversity demonstrated in the conversation, based on observable language, tone, and behavioral descriptions.",Very low / no evidence of travel-companions diversity.,Slight evidence of travel-companions diversity; brief or weak signals.,Moderate travel-companions diversity; clear but not dominant evidence.,Strong travel-companions diversity; multiple clear indicators.,Very strong travel-companions diversity; pervasive and compelling evidence.,,
627. Sacred text engagement: Quran surahs memorized,Sacred Text Engagement: Quran Surahs Memorized,external_evidence,False,medium,Not directly scoreable from conversation (external_evidence).,,,,,,Quantitative spiritual/religious metric requires external data.,numbered_prefix
Trust in others,Trust in Others,conversation_observable,True,low,"Measures the degree of trust in others demonstrated in the conversation, based on observable language, tone, and behavioral descriptions.",Very low / no evidence of trust in others.,Slight evidence of trust in others; brief or weak signals.,Moderate trust in others; clear but not dominant evidence.,Strong trust in others; multiple clear indicators.,Very strong trust in others; pervasive and compelling evidence.,,
Gamified-finance-app usage,Gamified-finance-app Usage,conversation_observable,True,low,"Measures the degree of gamified-finance-app usage demonstrated in the conversation, based on observable language, tone, and behavioral descriptions.",Very low / no evidence of gamified-finance-app usage.,Slight evidence of gamified-finance-app usage; brief or weak signals.,Moderate gamified-finance-app usage; clear but not dominant evidence.,Strong gamified-finance-app usage; multiple clear indicators.,Very strong gamified-finance-app usage; pervasive and compelling evidence.,,
823. Buddhist practice: Eightfold Path – Right Intention level,Buddhist Practice: Eightfold Path – Right Intention Level,external_evidence,False,medium,Not directly scoreable from conversation (external_evidence).,,,,,,Quantitative spiritual/religious metric requires external data.,numbered_prefix
Caffeine intake (mg/day),Caffeine Intake (mg/day),external_evidence,False,medium,Not directly scoreable from conversation (external_evidence).,,,,,,Quantitative metric requires external measurement data.,
Comfort with Vulnerability,Comfort With Vulnerability,conversation_observable,True,low,"Measures the degree of comfort with vulnerability demonstrated in the conversation, based on observable language, tone, and behavioral descriptions.",Very low / no evidence of comfort with vulnerability.,Slight evidence of comfort with vulnerability; brief or weak signals.,Moderate comfort with vulnerability; clear but not dominant evidence.,Strong comfort with vulnerability; multiple clear indicators.,Very strong comfort with vulnerability; pervasive and compelling evidence.,,
Anticipativeness,Anticipativeness,conversation_observable,True,low,"Measures the degree of anticipativeness demonstrated in the conversation, based on observable language, tone, and behavioral descriptions.",Very low / no evidence of anticipativeness.,Slight evidence of anticipativeness; brief or weak signals.,Moderate anticipativeness; clear but not dominant evidence.,Strong anticipativeness; multiple clear indicators.,Very strong anticipativeness; pervasive and compelling evidence.,,
Additional Common Parameters and Their End Points:,Additional Common Parameters and Their End Points,malformed_header,False,low,Not directly scoreable from conversation (malformed_header).,,,,,,"Entry appears to be a section header, not a scoreable facet.",header_like_entry
Avoiding:,Avoiding,conversation_observable,True,low,"Measures the degree of avoiding demonstrated in the conversation, based on observable language, tone, and behavioral descriptions.",Very low / no evidence of avoiding.,Slight evidence of avoiding; brief or weak signals.,Moderate avoiding; clear but not dominant evidence.,Strong avoiding; multiple clear indicators.,Very strong avoiding; pervasive and compelling evidence.,,trailing_colon
Home-security-system presence,Home-security-system Presence,conversation_observable,True,low,"Measures the degree of home-security-system presence demonstrated in the conversation, based on observable language, tone, and behavioral descriptions.",Very low / no evidence of home-security-system presence.,Slight evidence of home-security-system presence; brief or weak signals.,Moderate home-security-system presence; clear but not dominant evidence.,Strong home-security-system presence; multiple clear indicators.,Very strong home-security-system presence; pervasive and compelling evidence.,,
HEXACO domain: Honesty-Humility,Hexaco Domain: Honesty-humility,ambiguous,False,medium,Not directly scoreable from conversation (ambiguous).,,,,,,Named psychometric facet requires validated instrument for precise scoring.,
Eating Habits (Home-Cooked vs. Eating Out),Eating Habits (home-cooked vs. Eating Out),conversation_observable,True,low,"Measures the degree of eating habits (home-cooked vs. eating out) demonstrated in the conversation, based on observable language, tone, and behavioral descriptions.",Very low / no evidence of eating habits (home-cooked vs. eating out).,Slight evidence of eating habits (home-cooked vs. eating out); brief or weak signals.,Moderate eating habits (home-cooked vs. eating out); clear but not dominant evidence.,Strong eating habits (home-cooked vs. eating out); multiple clear indicators.,Very strong eating habits (home-cooked vs. eating out); pervasive and compelling evidence.,,
Decision-Making Confidence,Decision-making Confidence,conversation_observable,True,low,"Measures the degree of decision-making confidence demonstrated in the conversation, based on observable language, tone, and behavioral descriptions.",Very low / no evidence of decision-making confidence.,Slight evidence of decision-making confidence; brief or weak signals.,Moderate decision-making confidence; clear but not dominant evidence.,Strong decision-making confidence; multiple clear indicators.,Very strong decision-making confidence; pervasive and compelling evidence.,,
Alignment with societal roles,Alignment With Societal Roles,conversation_observable,True,low,"Measures the degree of alignment with societal roles demonstrated in the conversation, based on observable language, tone, and behavioral descriptions.",Very low / no evidence of alignment with societal roles.,Slight evidence of alignment with societal roles; brief or weak signals.,Moderate alignment with societal roles; clear but not dominant evidence.,Strong alignment with societal roles; multiple clear indicators.,Very strong alignment with societal roles; pervasive and compelling evidence.,,
Connectedness: Belief in interconnections,Connectedness: Belief in Interconnections,conversation_observable,True,low,"Measures the degree of connectedness: belief in interconnections demonstrated in the conversation, based on observable language, tone, and behavioral descriptions.",Very low / no evidence of connectedness: belief in interconnections.,Slight evidence of connectedness: belief in interconnections; brief or weak signals.,Moderate connectedness: belief in interconnections; clear but not dominant evidence.,Strong connectedness: belief in interconnections; multiple clear indicators.,Very strong connectedness: belief in interconnections; pervasive and compelling evidence.,,
Quirkiness,Quirkiness,conversation_observable,True,low,"Measures the degree of quirkiness demonstrated in the conversation, based on observable language, tone, and behavioral descriptions.",Very low / no evidence of quirkiness.,Slight evidence of quirkiness; brief or weak signals.,Moderate quirkiness; clear but not dominant evidence.,Strong quirkiness; multiple clear indicators.,Very strong quirkiness; pervasive and compelling evidence.,,
Creative resilience,Creative Resilience,conversation_observable,True,low,"Measures the degree of creative resilience demonstrated in the conversation, based on observable language, tone, and behavioral descriptions.",Very low / no evidence of creative resilience.,Slight evidence of creative resilience; brief or weak signals.,Moderate creative resilience; clear but not dominant evidence.,Strong creative resilience; multiple clear indicators.,Very strong creative resilience; pervasive and compelling evidence.,,
Rapid cognitive processing,Rapid Cognitive Processing,conversation_observable,True,low,"Measures the degree of rapid cognitive processing demonstrated in the conversation, based on observable language, tone, and behavioral descriptions.",Very low / no evidence of rapid cognitive processing.,Slight evidence of rapid cognitive processing; brief or weak signals.,Moderate rapid cognitive processing; clear but not dominant evidence.,Strong rapid cognitive processing; multiple clear indicators.,Very strong rapid cognitive processing; pervasive and compelling evidence.,,
Cordiality,Cordiality,conversation_observable,True,low,"Measures the degree of cordiality demonstrated in the conversation, based on observable language, tone, and behavioral descriptions.",Very low / no evidence of cordiality.,Slight evidence of cordiality; brief or weak signals.,Moderate cordiality; clear but not dominant evidence.,Strong cordiality; multiple clear indicators.,Very strong cordiality; pervasive and compelling evidence.,,
Types of Mindfulness Techniques Used,Types of Mindfulness Techniques Used,biographical,False,high,Not directly scoreable from conversation (biographical).,,,,,,Biographical fact requires external information.,
Economic reasoning,Economic Reasoning,conversation_observable,True,low,"Measures the degree of economic reasoning demonstrated in the conversation, based on observable language, tone, and behavioral descriptions.",Very low / no evidence of economic reasoning.,Slight evidence of economic reasoning; brief or weak signals.,Moderate economic reasoning; clear but not dominant evidence.,Strong economic reasoning; multiple clear indicators.,Very strong economic reasoning; pervasive and compelling evidence.,,
Conformity,Conformity,conversation_observable,True,low,"Measures the degree of conformity demonstrated in the conversation, based on observable language, tone, and behavioral descriptions.",Very low / no evidence of conformity.,Slight evidence of conformity; brief or weak signals.,Moderate conformity; clear but not dominant evidence.,Strong conformity; multiple clear indicators.,Very strong conformity; pervasive and compelling evidence.,,
Pet-enrichment activities count,Pet-enrichment Activities Count,external_evidence,False,medium,Not directly scoreable from conversation (external_evidence).,,,,,,Quantitative metric requires external measurement data.,
Aestheticism,Aestheticism,conversation_observable,True,low,"Measures the degree of aestheticism demonstrated in the conversation, based on observable language, tone, and behavioral descriptions.",Very low / no evidence of aestheticism.,Slight evidence of aestheticism; brief or weak signals.,Moderate aestheticism; clear but not dominant evidence.,Strong aestheticism; multiple clear indicators.,Very strong aestheticism; pervasive and compelling evidence.,,
Type of Support Preferred (Emotional vs. Practical),Type of Support Preferred (emotional vs. Practical),conversation_observable,True,low,"Measures the degree of type of support preferred (emotional vs. practical) demonstrated in the conversation, based on observable language, tone, and behavioral descriptions.",Very low / no evidence of type of support preferred (emotional vs. practical).,Slight evidence of type of support preferred (emotional vs. practical); brief or weak signals.,Moderate type of support preferred (emotional vs. practical); clear but not dominant evidence.,Strong type of support preferred (emotional vs. practical); multiple clear indicators.,Very strong type of support preferred (emotional vs. practical); pervasive and compelling evidence.,,
Mental Arithmetic Speed,Mental Arithmetic Speed,conversation_observable,True,low,"Measures the degree of mental arithmetic speed demonstrated in the conversation, based on observable language, tone, and behavioral descriptions.",Very low / no evidence of mental arithmetic speed.,Slight evidence of mental arithmetic speed; brief or weak signals.,Moderate mental arithmetic speed; clear but not dominant evidence.,Strong mental arithmetic speed; multiple clear indicators.,Very strong mental arithmetic speed; pervasive and compelling evidence.,,
Patience: Resistance to anger,Patience: Resistance to Anger,conversation_observable,True,low,"Measures the degree of patience: resistance to anger demonstrated in the conversation, based on observable language, tone, and behavioral descriptions.",Very low / no evidence of patience: resistance to anger.,Slight evidence of patience: resistance to anger; brief or weak signals.,Moderate patience: resistance to anger; clear but not dominant evidence.,Strong patience: resistance to anger; multiple clear indicators.,Very strong patience: resistance to anger; pervasive and compelling evidence.,,
Flawlessness,Flawlessness,conversation_observable,True,low,"Measures the degree of flawlessness demonstrated in the conversation, based on observable language, tone, and behavioral descriptions.",Very low / no evidence of flawlessness.,Slight evidence of flawlessness; brief or weak signals.,Moderate flawlessness; clear but not dominant evidence.,Strong flawlessness; multiple clear indicators.,Very strong flawlessness; pervasive and compelling evidence.,,
Self-Efficacy,Self-efficacy,conversation_observable,True,low,"Measures the degree of self-efficacy demonstrated in the conversation, based on observable language, tone, and behavioral descriptions.",Very low / no evidence of self-efficacy.,Slight evidence of self-efficacy; brief or weak signals.,Moderate self-efficacy; clear but not dominant evidence.,Strong self-efficacy; multiple clear indicators.,Very strong self-efficacy; pervasive and compelling evidence.,,
Computer Skills:,Computer Skills,conversation_observable,True,low,"Measures the degree of computer skills demonstrated in the conversation, based on observable language, tone, and behavioral descriptions.",Very low / no evidence of computer skills.,Slight evidence of computer skills; brief or weak signals.,Moderate computer skills; clear but not dominant evidence.,Strong computer skills; multiple clear indicators.,Very strong computer skills; pervasive and compelling evidence.,,trailing_colon
899. Jewish spiritual metric: Shabbat candle-lighting consistency,Jewish Spiritual Metric: Shabbat Candle-lighting Consistency,external_evidence,False,medium,Not directly scoreable from conversation (external_evidence).,,,,,,Quantitative spiritual/religious metric requires external data.,numbered_prefix
Spelling Accuracy,Spelling Accuracy,conversation_observable,True,low,"Measures the degree of spelling accuracy demonstrated in the conversation, based on observable language, tone, and behavioral descriptions.",Very low / no evidence of spelling accuracy.,Slight evidence of spelling accuracy; brief or weak signals.,Moderate spelling accuracy; clear but not dominant evidence.,Strong spelling accuracy; multiple clear indicators.,Very strong spelling accuracy; pervasive and compelling evidence.,,
793. Sufi practice: Dhikr repetitions / day,Sufi Practice: Dhikr Repetitions / Day,external_evidence,False,medium,Not directly scoreable from conversation (external_evidence).,,,,,,Quantitative spiritual/religious metric requires external data.,numbered_prefix
Peacefulness,Peacefulness,conversation_observable,True,low,"Measures the degree of peacefulness demonstrated in the conversation, based on observable language, tone, and behavioral descriptions.",Very low / no evidence of peacefulness.,Slight evidence of peacefulness; brief or weak signals.,Moderate peacefulness; clear but not dominant evidence.,Strong peacefulness; multiple clear indicators.,Very strong peacefulness; pervasive and compelling evidence.,,
Doggedness,Doggedness,conversation_observable,True,low,"Measures the degree of doggedness demonstrated in the conversation, based on observable language, tone, and behavioral descriptions.",Very low / no evidence of doggedness.,Slight evidence of doggedness; brief or weak signals.,Moderate doggedness; clear but not dominant evidence.,Strong doggedness; multiple clear indicators.,Very strong doggedness; pervasive and compelling evidence.,,
Decency,Decency,conversation_observable,True,low,"Measures the degree of decency demonstrated in the conversation, based on observable language, tone, and behavioral descriptions.",Very low / no evidence of decency.,Slight evidence of decency; brief or weak signals.,Moderate decency; clear but not dominant evidence.,Strong decency; multiple clear indicators.,Very strong decency; pervasive and compelling evidence.,,
Processed-food frequency,Processed-food Frequency,conversation_observable,True,low,"Measures the degree of processed-food frequency demonstrated in the conversation, based on observable language, tone, and behavioral descriptions.",Very low / no evidence of processed-food frequency.,Slight evidence of processed-food frequency; brief or weak signals.,Moderate processed-food frequency; clear but not dominant evidence.,Strong processed-food frequency; multiple clear indicators.,Very strong processed-food frequency; pervasive and compelling evidence.,,
